first_week_day,last_week_day,age_group,gender,weekly_tests_num,weekly_newly_tested,weekly_cases,weekly_deceased
15/03/2020,21/03/2020,0-19,נקבה,901,863,38,0
15/03/2020,21/03/2020,0-19,לא ידוע,27,27,0,0
15/03/2020,21/03/2020,0-19,זכר,1100,1043,39,0
15/03/2020,21/03/2020,20-24,לא ידוע,0,0,0,0
15/03/2020,21/03/2020,20-24,זכר,697,650,105,0
15/03/2020,21/03/2020,20-24,נקבה,613,594,34,0
15/03/2020,21/03/2020,25-29,נקבה,753,718,50,0
15/03/2020,21/03/2020,25-29,לא ידוע,0,0,0,0
15/03/2020,21/03/2020,25-29,זכר,598,573,53,0
15/03/2020,21/03/2020,30-34,לא ידוע,0,0,0,0
15/03/2020,21/03/2020,30-34,נקבה,710,650,42,0
15/03/2020,21/03/2020,30-34,זכר,658,604,70,0
15/03/2020,21/03/2020,35-39,זכר,579,529,54,0
15/03/2020,21/03/2020,35-39,נקבה,520,494,25,0
15/03/2020,21/03/2020,35-39,לא ידוע,0,0,0,0
15/03/2020,21/03/2020,40-44,לא ידוע,0,0,0,0
15/03/2020,21/03/2020,40-44,זכר,429,396,37,0
15/03/2020,21/03/2020,40-44,נקבה,474,430,22,0
15/03/2020,21/03/2020,45-49,נקבה,388,372,18,0
15/03/2020,21/03/2020,45-49,לא ידוע,0,0,0,0
15/03/2020,21/03/2020,45-49,זכר,376,333,42,0
15/03/2020,21/03/2020,50-54,לא ידוע,0,0,0,0
15/03/2020,21/03/2020,50-54,נקבה,390,367,26,0
15/03/2020,21/03/2020,50-54,זכר,300,272,36,0
15/03/2020,21/03/2020,55-59,נקבה,358,331,26,0
15/03/2020,21/03/2020,55-59,זכר,220,195,27,0
15/03/2020,21/03/2020,55-59,לא ידוע,0,0,0,0
15/03/2020,21/03/2020,60-64,נקבה,300,281,26,0
15/03/2020,21/03/2020,60-64,זכר,253,226,24,0
15/03/2020,21/03/2020,60-64,לא ידוע,0,0,0,0
15/03/2020,21/03/2020,65-69,נקבה,237,211,17,0
15/03/2020,21/03/2020,65-69,זכר,271,236,36,0
15/03/2020,21/03/2020,65-69,לא ידוע,0,0,0,0
15/03/2020,21/03/2020,70-74,זכר,216,182,31,0
15/03/2020,21/03/2020,70-74,נקבה,167,147,20,0
15/03/2020,21/03/2020,70-74,לא ידוע,0,0,0,0
15/03/2020,21/03/2020,75-79,נקבה,88,81,0,0
15/03/2020,21/03/2020,75-79,זכר,116,103,0,0
15/03/2020,21/03/2020,75-79,לא ידוע,0,0,0,0
15/03/2020,21/03/2020,80+,לא ידוע,0,0,0,0
15/03/2020,21/03/2020,80+,נקבה,228,194,0,0
15/03/2020,21/03/2020,80+,זכר,188,167,0,0
15/03/2020,21/03/2020,NULL,נקבה,288,260,0,0
15/03/2020,21/03/2020,NULL,לא ידוע,41,38,0,0
15/03/2020,21/03/2020,NULL,זכר,266,247,0,0
22/03/2020,28/03/2020,0-19,נקבה,2216,2076,166,0
22/03/2020,28/03/2020,0-19,לא ידוע,69,68,0,0
22/03/2020,28/03/2020,0-19,זכר,2429,2276,189,0
22/03/2020,28/03/2020,20-24,לא ידוע,108,106,0,0
22/03/2020,28/03/2020,20-24,זכר,2078,1897,219,0
22/03/2020,28/03/2020,20-24,נקבה,2125,2004,155,0
22/03/2020,28/03/2020,25-29,נקבה,2174,2012,119,0
22/03/2020,28/03/2020,25-29,לא ידוע,48,48,0,0
22/03/2020,28/03/2020,25-29,זכר,2024,1874,173,0
22/03/2020,28/03/2020,30-34,לא ידוע,30,30,0,0
22/03/2020,28/03/2020,30-34,נקבה,1807,1643,118,0
22/03/2020,28/03/2020,30-34,זכר,1860,1682,133,0
22/03/2020,28/03/2020,35-39,זכר,1583,1396,125,0
22/03/2020,28/03/2020,35-39,נקבה,1520,1419,78,0
22/03/2020,28/03/2020,35-39,לא ידוע,0,0,0,0
22/03/2020,28/03/2020,40-44,לא ידוע,0,0,0,0
22/03/2020,28/03/2020,40-44,זכר,1204,1103,91,0
22/03/2020,28/03/2020,40-44,נקבה,1285,1180,73,0
22/03/2020,28/03/2020,45-49,נקבה,1208,1130,87,0
22/03/2020,28/03/2020,45-49,לא ידוע,0,0,0,0
22/03/2020,28/03/2020,45-49,זכר,1074,970,131,0
22/03/2020,28/03/2020,50-54,לא ידוע,0,0,0,0
22/03/2020,28/03/2020,50-54,נקבה,1129,1041,98,0
22/03/2020,28/03/2020,50-54,זכר,793,726,121,0
22/03/2020,28/03/2020,55-59,נקבה,1046,953,82,0
22/03/2020,28/03/2020,55-59,זכר,794,732,143,0
22/03/2020,28/03/2020,55-59,לא ידוע,0,0,0,0
22/03/2020,28/03/2020,60-64,נקבה,933,863,82,0
22/03/2020,28/03/2020,60-64,זכר,908,810,125,0
22/03/2020,28/03/2020,60-64,לא ידוע,0,0,0,0
22/03/2020,28/03/2020,65-69,נקבה,606,553,61,0
22/03/2020,28/03/2020,65-69,זכר,689,621,89,0
22/03/2020,28/03/2020,65-69,לא ידוע,0,0,0,0
22/03/2020,28/03/2020,70-74,זכר,482,412,66,0
22/03/2020,28/03/2020,70-74,נקבה,454,384,40,0
22/03/2020,28/03/2020,70-74,לא ידוע,0,0,0,0
22/03/2020,28/03/2020,75-79,נקבה,249,212,22,0
22/03/2020,28/03/2020,75-79,זכר,287,243,46,0
22/03/2020,28/03/2020,75-79,לא ידוע,0,0,0,0
22/03/2020,28/03/2020,80+,לא ידוע,0,0,0,0
22/03/2020,28/03/2020,80+,נקבה,697,610,34,0
22/03/2020,28/03/2020,80+,זכר,470,401,37,0
22/03/2020,28/03/2020,NULL,נקבה,484,411,0,0
22/03/2020,28/03/2020,NULL,לא ידוע,182,174,0,0
22/03/2020,28/03/2020,NULL,זכר,568,511,26,0
29/03/2020,04/04/2020,0-19,נקבה,3161,2839,318,0
29/03/2020,04/04/2020,0-19,לא ידוע,59,59,0,0
29/03/2020,04/04/2020,0-19,זכר,3559,3213,366,0
29/03/2020,04/04/2020,20-24,לא ידוע,56,54,0,0
29/03/2020,04/04/2020,20-24,זכר,4794,4203,343,0
29/03/2020,04/04/2020,20-24,נקבה,4058,3699,232,0
29/03/2020,04/04/2020,25-29,נקבה,2961,2527,170,0
29/03/2020,04/04/2020,25-29,לא ידוע,28,27,0,0
29/03/2020,04/04/2020,25-29,זכר,3327,2932,231,0
29/03/2020,04/04/2020,30-34,לא ידוע,25,24,0,0
29/03/2020,04/04/2020,30-34,נקבה,2693,2323,110,0
29/03/2020,04/04/2020,30-34,זכר,3072,2593,191,0
29/03/2020,04/04/2020,35-39,זכר,2635,2220,150,0
29/03/2020,04/04/2020,35-39,נקבה,2204,1898,102,0
29/03/2020,04/04/2020,35-39,לא ידוע,0,0,0,0
29/03/2020,04/04/2020,40-44,לא ידוע,15,15,0,0
29/03/2020,04/04/2020,40-44,זכר,2159,1829,182,0
29/03/2020,04/04/2020,40-44,נקבה,2108,1819,119,0
29/03/2020,04/04/2020,45-49,נקבה,2035,1765,106,0
29/03/2020,04/04/2020,45-49,לא ידוע,0,0,0,0
29/03/2020,04/04/2020,45-49,זכר,1910,1598,164,0
29/03/2020,04/04/2020,50-54,לא ידוע,0,0,0,0
29/03/2020,04/04/2020,50-54,נקבה,1890,1628,102,0
29/03/2020,04/04/2020,50-54,זכר,1633,1376,138,0
29/03/2020,04/04/2020,55-59,נקבה,1757,1513,131,0
29/03/2020,04/04/2020,55-59,זכר,1515,1285,160,0
29/03/2020,04/04/2020,55-59,לא ידוע,16,16,0,0
29/03/2020,04/04/2020,60-64,נקבה,1392,1207,106,0
29/03/2020,04/04/2020,60-64,זכר,1479,1247,150,0
29/03/2020,04/04/2020,60-64,לא ידוע,0,0,0,0
29/03/2020,04/04/2020,65-69,נקבה,900,771,80,0
29/03/2020,04/04/2020,65-69,זכר,1188,964,131,0
29/03/2020,04/04/2020,65-69,לא ידוע,0,0,0,0
29/03/2020,04/04/2020,70-74,זכר,795,642,94,0
29/03/2020,04/04/2020,70-74,נקבה,644,549,60,0
29/03/2020,04/04/2020,70-74,לא ידוע,0,0,0,0
29/03/2020,04/04/2020,75-79,נקבה,382,317,35,0
29/03/2020,04/04/2020,75-79,זכר,423,320,56,0
29/03/2020,04/04/2020,75-79,לא ידוע,0,0,0,0
29/03/2020,04/04/2020,80+,לא ידוע,0,0,0,0
29/03/2020,04/04/2020,80+,נקבה,1124,928,97,0
29/03/2020,04/04/2020,80+,זכר,847,706,80,0
29/03/2020,04/04/2020,NULL,נקבה,761,628,33,0
29/03/2020,04/04/2020,NULL,לא ידוע,138,133,0,0
29/03/2020,04/04/2020,NULL,זכר,746,652,52,0
05/04/2020,11/04/2020,0-19,נקבה,2775,2196,269,0
05/04/2020,11/04/2020,0-19,לא ידוע,78,78,0,0
05/04/2020,11/04/2020,0-19,זכר,3500,2832,353,0
05/04/2020,11/04/2020,20-24,לא ידוע,72,72,0,0
05/04/2020,11/04/2020,20-24,זכר,3495,2706,217,0
05/04/2020,11/04/2020,20-24,נקבה,2797,2201,171,0
05/04/2020,11/04/2020,25-29,נקבה,2258,1752,100,0
05/04/2020,11/04/2020,25-29,לא ידוע,44,41,0,0
05/04/2020,11/04/2020,25-29,זכר,2860,2270,154,0
05/04/2020,11/04/2020,30-34,לא ידוע,24,24,0,0
05/04/2020,11/04/2020,30-34,נקבה,1921,1497,72,0
05/04/2020,11/04/2020,30-34,זכר,2533,1980,116,0
05/04/2020,11/04/2020,35-39,זכר,2010,1545,75,0
05/04/2020,11/04/2020,35-39,נקבה,1580,1232,66,0
05/04/2020,11/04/2020,35-39,לא ידוע,15,15,0,0
05/04/2020,11/04/2020,40-44,לא ידוע,20,19,0,0
05/04/2020,11/04/2020,40-44,זכר,1713,1338,86,0
05/04/2020,11/04/2020,40-44,נקבה,1518,1205,74,0
05/04/2020,11/04/2020,45-49,נקבה,1590,1212,81,0
05/04/2020,11/04/2020,45-49,לא ידוע,23,23,0,0
05/04/2020,11/04/2020,45-49,זכר,1690,1295,88,0
05/04/2020,11/04/2020,50-54,לא ידוע,15,15,0,0
05/04/2020,11/04/2020,50-54,נקבה,1539,1161,82,0
05/04/2020,11/04/2020,50-54,זכר,1493,1147,81,0
05/04/2020,11/04/2020,55-59,נקבה,1371,1063,73,0
05/04/2020,11/04/2020,55-59,זכר,1416,1065,81,0
05/04/2020,11/04/2020,55-59,לא ידוע,16,15,0,0
05/04/2020,11/04/2020,60-64,נקבה,1133,870,55,0
05/04/2020,11/04/2020,60-64,זכר,1282,927,81,0
05/04/2020,11/04/2020,60-64,לא ידוע,19,19,0,0
05/04/2020,11/04/2020,65-69,נקבה,865,657,38,0
05/04/2020,11/04/2020,65-69,זכר,1043,732,60,0
05/04/2020,11/04/2020,65-69,לא ידוע,0,0,0,0
05/04/2020,11/04/2020,70-74,זכר,781,527,41,0
05/04/2020,11/04/2020,70-74,נקבה,691,521,41,0
05/04/2020,11/04/2020,70-74,לא ידוע,0,0,0,0
05/04/2020,11/04/2020,75-79,נקבה,494,373,28,0
05/04/2020,11/04/2020,75-79,זכר,495,337,20,0
05/04/2020,11/04/2020,75-79,לא ידוע,0,0,0,0
05/04/2020,11/04/2020,80+,לא ידוע,0,0,0,0
05/04/2020,11/04/2020,80+,נקבה,1858,1388,95,25
05/04/2020,11/04/2020,80+,זכר,1030,737,49,0
05/04/2020,11/04/2020,NULL,נקבה,597,467,29,0
05/04/2020,11/04/2020,NULL,לא ידוע,152,141,0,0
05/04/2020,11/04/2020,NULL,זכר,682,573,39,0
12/04/2020,18/04/2020,0-19,נקבה,4360,2806,380,0
12/04/2020,18/04/2020,0-19,לא ידוע,64,62,0,0
12/04/2020,18/04/2020,0-19,זכר,5005,3240,328,0
12/04/2020,18/04/2020,20-24,לא ידוע,41,39,0,0
12/04/2020,18/04/2020,20-24,זכר,4453,2954,192,0
12/04/2020,18/04/2020,20-24,נקבה,3492,2325,158,0
12/04/2020,18/04/2020,25-29,נקבה,3162,2147,88,0
12/04/2020,18/04/2020,25-29,לא ידוע,30,27,0,0
12/04/2020,18/04/2020,25-29,זכר,3918,2677,109,0
12/04/2020,18/04/2020,30-34,לא ידוע,20,20,0,0
12/04/2020,18/04/2020,30-34,נקבה,2685,1907,78,0
12/04/2020,18/04/2020,30-34,זכר,3392,2269,79,0
12/04/2020,18/04/2020,35-39,זכר,2798,1896,81,0
12/04/2020,18/04/2020,35-39,נקבה,2472,1812,58,0
12/04/2020,18/04/2020,35-39,לא ידוע,18,18,0,0
12/04/2020,18/04/2020,40-44,לא ידוע,19,19,0,0
12/04/2020,18/04/2020,40-44,זכר,2516,1675,64,0
12/04/2020,18/04/2020,40-44,נקבה,2398,1761,66,0
12/04/2020,18/04/2020,45-49,נקבה,2591,1864,88,0
12/04/2020,18/04/2020,45-49,לא ידוע,17,17,0,0
12/04/2020,18/04/2020,45-49,זכר,2485,1585,77,0
12/04/2020,18/04/2020,50-54,לא ידוע,0,0,0,0
12/04/2020,18/04/2020,50-54,נקבה,2399,1741,74,0
12/04/2020,18/04/2020,50-54,זכר,2273,1454,80,0
12/04/2020,18/04/2020,55-59,נקבה,2284,1645,47,0
12/04/2020,18/04/2020,55-59,זכר,2028,1196,62,0
12/04/2020,18/04/2020,55-59,לא ידוע,0,0,0,0
12/04/2020,18/04/2020,60-64,נקבה,1966,1439,46,0
12/04/2020,18/04/2020,60-64,זכר,1988,1225,45,0
12/04/2020,18/04/2020,60-64,לא ידוע,27,27,0,0
12/04/2020,18/04/2020,65-69,נקבה,1490,1133,31,0
12/04/2020,18/04/2020,65-69,זכר,1611,1016,43,0
12/04/2020,18/04/2020,65-69,לא ידוע,0,0,0,0
12/04/2020,18/04/2020,70-74,זכר,1381,944,33,0
12/04/2020,18/04/2020,70-74,נקבה,1388,1083,38,0
12/04/2020,18/04/2020,70-74,לא ידוע,0,0,0,0
12/04/2020,18/04/2020,75-79,נקבה,1096,881,27,0
12/04/2020,18/04/2020,75-79,זכר,932,659,17,0
12/04/2020,18/04/2020,75-79,לא ידוע,0,0,0,0
12/04/2020,18/04/2020,80+,לא ידוע,17,17,0,0
12/04/2020,18/04/2020,80+,נקבה,6053,5079,80,26
12/04/2020,18/04/2020,80+,זכר,2752,2168,45,18
12/04/2020,18/04/2020,NULL,נקבה,1257,980,31,0
12/04/2020,18/04/2020,NULL,לא ידוע,505,493,23,0
12/04/2020,18/04/2020,NULL,זכר,1213,873,48,0
19/04/2020,25/04/2020,0-19,נקבה,5462,3488,291,0
19/04/2020,25/04/2020,0-19,לא ידוע,244,233,0,0
19/04/2020,25/04/2020,0-19,זכר,6745,4514,345,0
19/04/2020,25/04/2020,20-24,לא ידוע,36,32,0,0
19/04/2020,25/04/2020,20-24,זכר,5251,3650,127,0
19/04/2020,25/04/2020,20-24,נקבה,3867,2641,107,0
19/04/2020,25/04/2020,25-29,נקבה,3662,2630,78,0
19/04/2020,25/04/2020,25-29,לא ידוע,0,0,0,0
19/04/2020,25/04/2020,25-29,זכר,4411,3048,82,0
19/04/2020,25/04/2020,30-34,לא ידוע,23,23,0,0
19/04/2020,25/04/2020,30-34,נקבה,3267,2366,47,0
19/04/2020,25/04/2020,30-34,זכר,3765,2671,54,0
19/04/2020,25/04/2020,35-39,זכר,3117,2249,43,0
19/04/2020,25/04/2020,35-39,נקבה,2816,2088,42,0
19/04/2020,25/04/2020,35-39,לא ידוע,24,24,0,0
19/04/2020,25/04/2020,40-44,לא ידוע,0,0,0,0
19/04/2020,25/04/2020,40-44,זכר,2814,2052,36,0
19/04/2020,25/04/2020,40-44,נקבה,2745,1956,48,0
19/04/2020,25/04/2020,45-49,נקבה,2904,2044,45,0
19/04/2020,25/04/2020,45-49,לא ידוע,0,0,0,0
19/04/2020,25/04/2020,45-49,זכר,2720,1911,47,0
19/04/2020,25/04/2020,50-54,לא ידוע,0,0,0,0
19/04/2020,25/04/2020,50-54,נקבה,2752,1969,33,0
19/04/2020,25/04/2020,50-54,זכר,2231,1559,44,0
19/04/2020,25/04/2020,55-59,נקבה,2554,1755,39,0
19/04/2020,25/04/2020,55-59,זכר,2136,1377,23,0
19/04/2020,25/04/2020,55-59,לא ידוע,0,0,0,0
19/04/2020,25/04/2020,60-64,נקבה,2227,1530,24,0
19/04/2020,25/04/2020,60-64,זכר,1968,1292,21,0
19/04/2020,25/04/2020,60-64,לא ידוע,0,0,0,0
19/04/2020,25/04/2020,65-69,נקבה,1729,1236,0,0
19/04/2020,25/04/2020,65-69,זכר,1771,1142,16,0
19/04/2020,25/04/2020,65-69,לא ידוע,0,0,0,0
19/04/2020,25/04/2020,70-74,זכר,1624,1061,15,0
19/04/2020,25/04/2020,70-74,נקבה,1657,1206,0,0
19/04/2020,25/04/2020,70-74,לא ידוע,0,0,0,0
19/04/2020,25/04/2020,75-79,נקבה,1361,1004,15,0
19/04/2020,25/04/2020,75-79,זכר,1046,684,0,0
19/04/2020,25/04/2020,75-79,לא ידוע,0,0,0,0
19/04/2020,25/04/2020,80+,לא ידוע,0,0,0,0
19/04/2020,25/04/2020,80+,נקבה,6366,4828,40,0
19/04/2020,25/04/2020,80+,זכר,2957,2098,25,0
19/04/2020,25/04/2020,NULL,נקבה,1402,1225,37,0
19/04/2020,25/04/2020,NULL,לא ידוע,661,653,0,0
19/04/2020,25/04/2020,NULL,זכר,1242,973,31,0
26/04/2020,02/05/2020,0-19,נקבה,3931,2142,127,0
26/04/2020,02/05/2020,0-19,לא ידוע,199,186,0,0
26/04/2020,02/05/2020,0-19,זכר,5211,3180,154,0
26/04/2020,02/05/2020,20-24,לא ידוע,0,0,0,0
26/04/2020,02/05/2020,20-24,זכר,3582,2354,64,0
26/04/2020,02/05/2020,20-24,נקבה,2783,1747,42,0
26/04/2020,02/05/2020,25-29,נקבה,2597,1713,30,0
26/04/2020,02/05/2020,25-29,לא ידוע,0,0,0,0
26/04/2020,02/05/2020,25-29,זכר,2767,1745,38,0
26/04/2020,02/05/2020,30-34,לא ידוע,0,0,0,0
26/04/2020,02/05/2020,30-34,נקבה,2358,1632,23,0
26/04/2020,02/05/2020,30-34,זכר,2503,1682,25,0
26/04/2020,02/05/2020,35-39,זכר,2229,1498,16,0
26/04/2020,02/05/2020,35-39,נקבה,2145,1489,22,0
26/04/2020,02/05/2020,35-39,לא ידוע,0,0,0,0
26/04/2020,02/05/2020,40-44,לא ידוע,0,0,0,0
26/04/2020,02/05/2020,40-44,זכר,2128,1436,0,0
26/04/2020,02/05/2020,40-44,נקבה,2069,1362,18,0
26/04/2020,02/05/2020,45-49,נקבה,2165,1457,16,0
26/04/2020,02/05/2020,45-49,לא ידוע,0,0,0,0
26/04/2020,02/05/2020,45-49,זכר,1987,1328,16,0
26/04/2020,02/05/2020,50-54,לא ידוע,0,0,0,0
26/04/2020,02/05/2020,50-54,נקבה,1982,1323,0,0
26/04/2020,02/05/2020,50-54,זכר,1840,1192,0,0
26/04/2020,02/05/2020,55-59,נקבה,1856,1224,19,0
26/04/2020,02/05/2020,55-59,זכר,1686,1059,0,0
26/04/2020,02/05/2020,55-59,לא ידוע,0,0,0,0
26/04/2020,02/05/2020,60-64,נקבה,1720,1162,0,0
26/04/2020,02/05/2020,60-64,זכר,1576,955,0,0
26/04/2020,02/05/2020,60-64,לא ידוע,0,0,0,0
26/04/2020,02/05/2020,65-69,נקבה,1402,972,0,0
26/04/2020,02/05/2020,65-69,זכר,1420,900,0,0
26/04/2020,02/05/2020,65-69,לא ידוע,0,0,0,0
26/04/2020,02/05/2020,70-74,זכר,1247,755,0,0
26/04/2020,02/05/2020,70-74,נקבה,1235,782,0,0
26/04/2020,02/05/2020,70-74,לא ידוע,0,0,0,0
26/04/2020,02/05/2020,75-79,נקבה,907,597,0,0
26/04/2020,02/05/2020,75-79,זכר,795,476,0,0
26/04/2020,02/05/2020,75-79,לא ידוע,0,0,0,0
26/04/2020,02/05/2020,80+,לא ידוע,0,0,0,0
26/04/2020,02/05/2020,80+,נקבה,4602,3023,18,0
26/04/2020,02/05/2020,80+,זכר,2218,1334,0,15
26/04/2020,02/05/2020,NULL,נקבה,1129,942,18,0
26/04/2020,02/05/2020,NULL,לא ידוע,666,647,0,0
26/04/2020,02/05/2020,NULL,זכר,1179,901,37,0
03/05/2020,09/05/2020,0-19,נקבה,2934,1801,40,0
03/05/2020,09/05/2020,0-19,לא ידוע,58,46,0,0
03/05/2020,09/05/2020,0-19,זכר,3524,2223,50,0
03/05/2020,09/05/2020,20-24,לא ידוע,0,0,0,0
03/05/2020,09/05/2020,20-24,זכר,2266,1445,24,0
03/05/2020,09/05/2020,20-24,נקבה,2209,1393,17,0
03/05/2020,09/05/2020,25-29,נקבה,2385,1591,0,0
03/05/2020,09/05/2020,25-29,לא ידוע,0,0,0,0
03/05/2020,09/05/2020,25-29,זכר,2198,1460,0,0
03/05/2020,09/05/2020,30-34,לא ידוע,0,0,0,0
03/05/2020,09/05/2020,30-34,נקבה,2260,1567,0,0
03/05/2020,09/05/2020,30-34,זכר,2111,1426,0,0
03/05/2020,09/05/2020,35-39,זכר,2005,1435,0,0
03/05/2020,09/05/2020,35-39,נקבה,2168,1584,0,0
03/05/2020,09/05/2020,35-39,לא ידוע,0,0,0,0
03/05/2020,09/05/2020,40-44,לא ידוע,0,0,0,0
03/05/2020,09/05/2020,40-44,זכר,1848,1399,0,0
03/05/2020,09/05/2020,40-44,נקבה,2560,1902,0,0
03/05/2020,09/05/2020,45-49,נקבה,2061,1411,0,0
03/05/2020,09/05/2020,45-49,לא ידוע,0,0,0,0
03/05/2020,09/05/2020,45-49,זכר,1839,1307,0,0
03/05/2020,09/05/2020,50-54,לא ידוע,0,0,0,0
03/05/2020,09/05/2020,50-54,נקבה,1855,1215,0,0
03/05/2020,09/05/2020,50-54,זכר,1556,1023,0,0
03/05/2020,09/05/2020,55-59,נקבה,1704,1122,0,0
03/05/2020,09/05/2020,55-59,זכר,1244,739,0,0
03/05/2020,09/05/2020,55-59,לא ידוע,0,0,0,0
03/05/2020,09/05/2020,60-64,נקבה,1503,952,0,0
03/05/2020,09/05/2020,60-64,זכר,1241,747,0,0
03/05/2020,09/05/2020,60-64,לא ידוע,0,0,0,0
03/05/2020,09/05/2020,65-69,נקבה,1169,768,0,0
03/05/2020,09/05/2020,65-69,זכר,1230,716,0,0
03/05/2020,09/05/2020,65-69,לא ידוע,0,0,0,0
03/05/2020,09/05/2020,70-74,זכר,1136,654,0,0
03/05/2020,09/05/2020,70-74,נקבה,1185,772,0,0
03/05/2020,09/05/2020,70-74,לא ידוע,0,0,0,0
03/05/2020,09/05/2020,75-79,נקבה,954,592,0,0
03/05/2020,09/05/2020,75-79,זכר,784,453,0,0
03/05/2020,09/05/2020,75-79,לא ידוע,0,0,0,0
03/05/2020,09/05/2020,80+,לא ידוע,0,0,0,0
03/05/2020,09/05/2020,80+,נקבה,5130,3137,0,0
03/05/2020,09/05/2020,80+,זכר,2450,1441,0,0
03/05/2020,09/05/2020,NULL,נקבה,1091,918,0,0
03/05/2020,09/05/2020,NULL,לא ידוע,113,111,0,0
03/05/2020,09/05/2020,NULL,זכר,1033,768,0,0
10/05/2020,16/05/2020,0-19,נקבה,2399,1436,24,0
10/05/2020,16/05/2020,0-19,לא ידוע,46,23,0,0
10/05/2020,16/05/2020,0-19,זכר,2795,1708,21,0
10/05/2020,16/05/2020,20-24,לא ידוע,0,0,0,0
10/05/2020,16/05/2020,20-24,זכר,1700,1052,0,0
10/05/2020,16/05/2020,20-24,נקבה,1687,1084,0,0
10/05/2020,16/05/2020,25-29,נקבה,1780,1205,0,0
10/05/2020,16/05/2020,25-29,לא ידוע,0,0,0,0
10/05/2020,16/05/2020,25-29,זכר,1470,910,0,0
10/05/2020,16/05/2020,30-34,לא ידוע,0,0,0,0
10/05/2020,16/05/2020,30-34,נקבה,1750,1232,0,0
10/05/2020,16/05/2020,30-34,זכר,1426,980,0,0
10/05/2020,16/05/2020,35-39,זכר,1366,985,0,0
10/05/2020,16/05/2020,35-39,נקבה,1815,1321,0,0
10/05/2020,16/05/2020,35-39,לא ידוע,15,15,0,0
10/05/2020,16/05/2020,40-44,לא ידוע,0,0,0,0
10/05/2020,16/05/2020,40-44,זכר,1308,941,0,0
10/05/2020,16/05/2020,40-44,נקבה,1958,1357,0,0
10/05/2020,16/05/2020,45-49,נקבה,1564,928,0,0
10/05/2020,16/05/2020,45-49,לא ידוע,0,0,0,0
10/05/2020,16/05/2020,45-49,זכר,1244,856,0,0
10/05/2020,16/05/2020,50-54,לא ידוע,0,0,0,0
10/05/2020,16/05/2020,50-54,נקבה,1324,791,0,0
10/05/2020,16/05/2020,50-54,זכר,1001,683,0,0
10/05/2020,16/05/2020,55-59,נקבה,1257,683,0,0
10/05/2020,16/05/2020,55-59,זכר,892,553,0,0
10/05/2020,16/05/2020,55-59,לא ידוע,0,0,0,0
10/05/2020,16/05/2020,60-64,נקבה,1185,705,0,0
10/05/2020,16/05/2020,60-64,זכר,913,540,0,0
10/05/2020,16/05/2020,60-64,לא ידוע,0,0,0,0
10/05/2020,16/05/2020,65-69,נקבה,1135,671,0,0
10/05/2020,16/05/2020,65-69,זכר,967,542,0,0
10/05/2020,16/05/2020,65-69,לא ידוע,0,0,0,0
10/05/2020,16/05/2020,70-74,זכר,1056,583,0,0
10/05/2020,16/05/2020,70-74,נקבה,1166,699,0,0
10/05/2020,16/05/2020,70-74,לא ידוע,0,0,0,0
10/05/2020,16/05/2020,75-79,נקבה,883,478,0,0
10/05/2020,16/05/2020,75-79,זכר,699,344,0,0
10/05/2020,16/05/2020,75-79,לא ידוע,0,0,0,0
10/05/2020,16/05/2020,80+,לא ידוע,0,0,0,0
10/05/2020,16/05/2020,80+,נקבה,4921,2496,0,0
10/05/2020,16/05/2020,80+,זכר,2189,1069,0,0
10/05/2020,16/05/2020,NULL,נקבה,768,613,0,0
10/05/2020,16/05/2020,NULL,לא ידוע,87,84,0,0
10/05/2020,16/05/2020,NULL,זכר,749,550,0,0
17/05/2020,23/05/2020,0-19,נקבה,2239,1547,24,0
17/05/2020,23/05/2020,0-19,לא ידוע,52,36,0,0
17/05/2020,23/05/2020,0-19,זכר,2727,1926,15,0
17/05/2020,23/05/2020,20-24,לא ידוע,0,0,0,0
17/05/2020,23/05/2020,20-24,זכר,1278,789,0,0
17/05/2020,23/05/2020,20-24,נקבה,1362,879,0,0
17/05/2020,23/05/2020,25-29,נקבה,1671,1174,0,0
17/05/2020,23/05/2020,25-29,לא ידוע,0,0,0,0
17/05/2020,23/05/2020,25-29,זכר,1266,802,0,0
17/05/2020,23/05/2020,30-34,לא ידוע,0,0,0,0
17/05/2020,23/05/2020,30-34,נקבה,1737,1233,0,0
17/05/2020,23/05/2020,30-34,זכר,1300,893,0,0
17/05/2020,23/05/2020,35-39,זכר,1294,937,0,0
17/05/2020,23/05/2020,35-39,נקבה,1681,1201,0,0
17/05/2020,23/05/2020,35-39,לא ידוע,0,0,0,0
17/05/2020,23/05/2020,40-44,לא ידוע,0,0,0,0
17/05/2020,23/05/2020,40-44,זכר,1038,732,0,0
17/05/2020,23/05/2020,40-44,נקבה,1547,995,0,0
17/05/2020,23/05/2020,45-49,נקבה,1154,648,0,0
17/05/2020,23/05/2020,45-49,לא ידוע,0,0,0,0
17/05/2020,23/05/2020,45-49,זכר,930,589,0,0
17/05/2020,23/05/2020,50-54,לא ידוע,0,0,0,0
17/05/2020,23/05/2020,50-54,נקבה,1025,578,0,0
17/05/2020,23/05/2020,50-54,זכר,753,429,0,0
17/05/2020,23/05/2020,55-59,נקבה,1075,594,0,0
17/05/2020,23/05/2020,55-59,זכר,793,447,0,0
17/05/2020,23/05/2020,55-59,לא ידוע,0,0,0,0
17/05/2020,23/05/2020,60-64,נקבה,920,551,0,0
17/05/2020,23/05/2020,60-64,זכר,694,359,0,0
17/05/2020,23/05/2020,60-64,לא ידוע,0,0,0,0
17/05/2020,23/05/2020,65-69,נקבה,779,457,0,0
17/05/2020,23/05/2020,65-69,זכר,708,344,0,0
17/05/2020,23/05/2020,65-69,לא ידוע,0,0,0,0
17/05/2020,23/05/2020,70-74,זכר,779,381,0,0
17/05/2020,23/05/2020,70-74,נקבה,790,474,0,0
17/05/2020,23/05/2020,70-74,לא ידוע,0,0,0,0
17/05/2020,23/05/2020,75-79,נקבה,649,313,0,0
17/05/2020,23/05/2020,75-79,זכר,479,244,0,0
17/05/2020,23/05/2020,75-79,לא ידוע,0,0,0,0
17/05/2020,23/05/2020,80+,לא ידוע,0,0,0,0
17/05/2020,23/05/2020,80+,נקבה,3553,1471,0,0
17/05/2020,23/05/2020,80+,זכר,1687,808,0,0
17/05/2020,23/05/2020,NULL,נקבה,598,452,0,0
17/05/2020,23/05/2020,NULL,לא ידוע,89,79,0,0
17/05/2020,23/05/2020,NULL,זכר,600,446,0,0
24/05/2020,30/05/2020,0-19,נקבה,2278,1834,62,0
24/05/2020,30/05/2020,0-19,לא ידוע,131,120,0,0
24/05/2020,30/05/2020,0-19,זכר,2547,2062,78,0
24/05/2020,30/05/2020,20-24,לא ידוע,0,0,0,0
24/05/2020,30/05/2020,20-24,זכר,825,508,0,0
24/05/2020,30/05/2020,20-24,נקבה,860,587,0,0
24/05/2020,30/05/2020,25-29,נקבה,1273,946,0,0
24/05/2020,30/05/2020,25-29,לא ידוע,0,0,0,0
24/05/2020,30/05/2020,25-29,זכר,860,583,0,0
24/05/2020,30/05/2020,30-34,לא ידוע,0,0,0,0
24/05/2020,30/05/2020,30-34,נקבה,1522,1165,0,0
24/05/2020,30/05/2020,30-34,זכר,1047,763,0,0
24/05/2020,30/05/2020,35-39,זכר,994,722,0,0
24/05/2020,30/05/2020,35-39,נקבה,1510,1193,0,0
24/05/2020,30/05/2020,35-39,לא ידוע,0,0,0,0
24/05/2020,30/05/2020,40-44,לא ידוע,0,0,0,0
24/05/2020,30/05/2020,40-44,זכר,773,560,0,0
24/05/2020,30/05/2020,40-44,נקבה,1301,894,0,0
24/05/2020,30/05/2020,45-49,נקבה,860,535,0,0
24/05/2020,30/05/2020,45-49,לא ידוע,0,0,0,0
24/05/2020,30/05/2020,45-49,זכר,641,423,0,0
24/05/2020,30/05/2020,50-54,לא ידוע,0,0,0,0
24/05/2020,30/05/2020,50-54,נקבה,738,410,0,0
24/05/2020,30/05/2020,50-54,זכר,511,351,0,0
24/05/2020,30/05/2020,55-59,נקבה,661,376,0,0
24/05/2020,30/05/2020,55-59,זכר,459,295,0,0
24/05/2020,30/05/2020,55-59,לא ידוע,0,0,0,0
24/05/2020,30/05/2020,60-64,נקבה,674,424,0,0
24/05/2020,30/05/2020,60-64,זכר,479,255,0,0
24/05/2020,30/05/2020,60-64,לא ידוע,0,0,0,0
24/05/2020,30/05/2020,65-69,נקבה,641,409,0,0
24/05/2020,30/05/2020,65-69,זכר,481,261,0,0
24/05/2020,30/05/2020,65-69,לא ידוע,0,0,0,0
24/05/2020,30/05/2020,70-74,זכר,594,368,0,0
24/05/2020,30/05/2020,70-74,נקבה,817,583,0,0
24/05/2020,30/05/2020,70-74,לא ידוע,0,0,0,0
24/05/2020,30/05/2020,75-79,נקבה,725,475,0,0
24/05/2020,30/05/2020,75-79,זכר,442,268,0,0
24/05/2020,30/05/2020,75-79,לא ידוע,0,0,0,0
24/05/2020,30/05/2020,80+,לא ידוע,0,0,0,0
24/05/2020,30/05/2020,80+,נקבה,3550,1893,0,0
24/05/2020,30/05/2020,80+,זכר,1689,928,0,0
24/05/2020,30/05/2020,NULL,נקבה,476,357,0,0
24/05/2020,30/05/2020,NULL,לא ידוע,58,46,0,0
24/05/2020,30/05/2020,NULL,זכר,509,364,0,0
31/05/2020,06/06/2020,0-19,נקבה,12530,11406,120,0
31/05/2020,06/06/2020,0-19,לא ידוע,939,915,0,0
31/05/2020,06/06/2020,0-19,זכר,13029,11788,114,0
31/05/2020,06/06/2020,20-24,לא ידוע,54,49,0,0
31/05/2020,06/06/2020,20-24,זכר,1659,1208,20,0
31/05/2020,06/06/2020,20-24,נקבה,2210,1714,25,0
31/05/2020,06/06/2020,25-29,נקבה,2994,2299,22,0
31/05/2020,06/06/2020,25-29,לא ידוע,92,86,0,0
31/05/2020,06/06/2020,25-29,זכר,1835,1354,25,0
31/05/2020,06/06/2020,30-34,לא ידוע,162,155,0,0
31/05/2020,06/06/2020,30-34,נקבה,3379,2691,38,0
31/05/2020,06/06/2020,30-34,זכר,2330,1764,36,0
31/05/2020,06/06/2020,35-39,זכר,2278,1733,25,0
31/05/2020,06/06/2020,35-39,נקבה,3385,2648,31,0
31/05/2020,06/06/2020,35-39,לא ידוע,124,119,0,0
31/05/2020,06/06/2020,40-44,לא ידוע,121,113,0,0
31/05/2020,06/06/2020,40-44,זכר,2034,1536,28,0
31/05/2020,06/06/2020,40-44,נקבה,3258,2444,25,0
31/05/2020,06/06/2020,45-49,נקבה,2599,1857,19,0
31/05/2020,06/06/2020,45-49,לא ידוע,81,78,0,0
31/05/2020,06/06/2020,45-49,זכר,1757,1217,22,0
31/05/2020,06/06/2020,50-54,לא ידוע,68,65,0,0
31/05/2020,06/06/2020,50-54,נקבה,2059,1414,15,0
31/05/2020,06/06/2020,50-54,זכר,1403,933,20,0
31/05/2020,06/06/2020,55-59,נקבה,1799,1174,20,0
31/05/2020,06/06/2020,55-59,זכר,1194,746,16,0
31/05/2020,06/06/2020,55-59,לא ידוע,43,43,0,0
31/05/2020,06/06/2020,60-64,נקבה,1622,1053,0,0
31/05/2020,06/06/2020,60-64,זכר,1094,600,0,0
31/05/2020,06/06/2020,60-64,לא ידוע,46,44,0,0
31/05/2020,06/06/2020,65-69,נקבה,1314,828,0,0
31/05/2020,06/06/2020,65-69,זכר,1113,624,0,0
31/05/2020,06/06/2020,65-69,לא ידוע,76,76,0,0
31/05/2020,06/06/2020,70-74,זכר,1082,609,0,0
31/05/2020,06/06/2020,70-74,נקבה,1187,768,0,0
31/05/2020,06/06/2020,70-74,לא ידוע,143,137,0,0
31/05/2020,06/06/2020,75-79,נקבה,942,580,0,0
31/05/2020,06/06/2020,75-79,זכר,648,342,0,0
31/05/2020,06/06/2020,75-79,לא ידוע,99,98,0,0
31/05/2020,06/06/2020,80+,לא ידוע,321,313,0,0
31/05/2020,06/06/2020,80+,נקבה,3881,1864,0,0
31/05/2020,06/06/2020,80+,זכר,1943,951,0,0
31/05/2020,06/06/2020,NULL,נקבה,1136,987,0,0
31/05/2020,06/06/2020,NULL,לא ידוע,549,519,0,0
31/05/2020,06/06/2020,NULL,זכר,1057,907,19,0
07/06/2020,13/06/2020,0-19,נקבה,15203,13629,176,0
07/06/2020,13/06/2020,0-19,לא ידוע,664,611,0,0
07/06/2020,13/06/2020,0-19,זכר,16675,15038,220,0
07/06/2020,13/06/2020,20-24,לא ידוע,44,44,0,0
07/06/2020,13/06/2020,20-24,זכר,2361,1913,47,0
07/06/2020,13/06/2020,20-24,נקבה,3220,2676,55,0
07/06/2020,13/06/2020,25-29,נקבה,3944,3146,46,0
07/06/2020,13/06/2020,25-29,לא ידוע,70,62,0,0
07/06/2020,13/06/2020,25-29,זכר,2591,1984,49,0
07/06/2020,13/06/2020,30-34,לא ידוע,86,76,0,0
07/06/2020,13/06/2020,30-34,נקבה,4564,3650,49,0
07/06/2020,13/06/2020,30-34,זכר,3155,2483,61,0
07/06/2020,13/06/2020,35-39,זכר,3103,2452,41,0
07/06/2020,13/06/2020,35-39,נקבה,4435,3528,41,0
07/06/2020,13/06/2020,35-39,לא ידוע,79,67,0,0
07/06/2020,13/06/2020,40-44,לא ידוע,71,62,0,0
07/06/2020,13/06/2020,40-44,זכר,2607,1960,47,0
07/06/2020,13/06/2020,40-44,נקבה,3962,2961,45,0
07/06/2020,13/06/2020,45-49,נקבה,3200,2334,49,0
07/06/2020,13/06/2020,45-49,לא ידוע,60,55,0,0
07/06/2020,13/06/2020,45-49,זכר,2140,1553,32,0
07/06/2020,13/06/2020,50-54,לא ידוע,41,38,0,0
07/06/2020,13/06/2020,50-54,נקבה,2421,1720,33,0
07/06/2020,13/06/2020,50-54,זכר,1598,1069,39,0
07/06/2020,13/06/2020,55-59,נקבה,2282,1587,25,0
07/06/2020,13/06/2020,55-59,זכר,1359,842,21,0
07/06/2020,13/06/2020,55-59,לא ידוע,29,28,0,0
07/06/2020,13/06/2020,60-64,נקבה,2099,1380,19,0
07/06/2020,13/06/2020,60-64,זכר,1412,870,19,0
07/06/2020,13/06/2020,60-64,לא ידוע,31,26,0,0
07/06/2020,13/06/2020,65-69,נקבה,1565,1080,0,0
07/06/2020,13/06/2020,65-69,זכר,1201,761,18,0
07/06/2020,13/06/2020,65-69,לא ידוע,29,28,0,0
07/06/2020,13/06/2020,70-74,זכר,1103,655,0,0
07/06/2020,13/06/2020,70-74,נקבה,1526,1039,0,0
07/06/2020,13/06/2020,70-74,לא ידוע,27,24,0,0
07/06/2020,13/06/2020,75-79,נקבה,1094,684,0,0
07/06/2020,13/06/2020,75-79,זכר,688,434,0,0
07/06/2020,13/06/2020,75-79,לא ידוע,0,0,0,0
07/06/2020,13/06/2020,80+,לא ידוע,54,34,0,0
07/06/2020,13/06/2020,80+,נקבה,4092,2368,0,0
07/06/2020,13/06/2020,80+,זכר,1971,1111,0,0
07/06/2020,13/06/2020,NULL,נקבה,1005,872,0,0
07/06/2020,13/06/2020,NULL,לא ידוע,339,269,18,0
07/06/2020,13/06/2020,NULL,זכר,1006,811,25,0
14/06/2020,20/06/2020,0-19,נקבה,12248,11019,191,0
14/06/2020,20/06/2020,0-19,לא ידוע,608,559,0,0
14/06/2020,20/06/2020,0-19,זכר,12686,11258,231,0
14/06/2020,20/06/2020,20-24,לא ידוע,0,0,0,0
14/06/2020,20/06/2020,20-24,זכר,2639,2098,71,0
14/06/2020,20/06/2020,20-24,נקבה,3105,2513,72,0
14/06/2020,20/06/2020,25-29,נקבה,3845,2847,76,0
14/06/2020,20/06/2020,25-29,לא ידוע,0,0,0,0
14/06/2020,20/06/2020,25-29,זכר,2873,2128,73,0
14/06/2020,20/06/2020,30-34,לא ידוע,25,0,0,0
14/06/2020,20/06/2020,30-34,נקבה,4057,2985,62,0
14/06/2020,20/06/2020,30-34,זכר,2998,2165,86,0
14/06/2020,20/06/2020,35-39,זכר,2910,2082,60,0
14/06/2020,20/06/2020,35-39,נקבה,3917,2825,60,0
14/06/2020,20/06/2020,35-39,לא ידוע,0,0,0,0
14/06/2020,20/06/2020,40-44,לא ידוע,16,0,0,0
14/06/2020,20/06/2020,40-44,זכר,2530,1831,53,0
14/06/2020,20/06/2020,40-44,נקבה,3780,2631,59,0
14/06/2020,20/06/2020,45-49,נקבה,3040,2010,43,0
14/06/2020,20/06/2020,45-49,לא ידוע,0,0,0,0
14/06/2020,20/06/2020,45-49,זכר,2174,1435,64,0
14/06/2020,20/06/2020,50-54,לא ידוע,0,0,0,0
14/06/2020,20/06/2020,50-54,נקבה,2615,1626,47,0
14/06/2020,20/06/2020,50-54,זכר,1654,1040,44,0
14/06/2020,20/06/2020,55-59,נקבה,2366,1382,35,0
14/06/2020,20/06/2020,55-59,זכר,1522,898,29,0
14/06/2020,20/06/2020,55-59,לא ידוע,0,0,0,0
14/06/2020,20/06/2020,60-64,נקבה,2049,1215,27,0
14/06/2020,20/06/2020,60-64,זכר,1449,859,40,0
14/06/2020,20/06/2020,60-64,לא ידוע,0,0,0,0
14/06/2020,20/06/2020,65-69,נקבה,1656,965,27,0
14/06/2020,20/06/2020,65-69,זכר,1319,731,20,0
14/06/2020,20/06/2020,65-69,לא ידוע,0,0,0,0
14/06/2020,20/06/2020,70-74,זכר,1210,621,32,0
14/06/2020,20/06/2020,70-74,נקבה,1486,785,24,0
14/06/2020,20/06/2020,70-74,לא ידוע,0,0,0,0
14/06/2020,20/06/2020,75-79,נקבה,993,415,15,0
14/06/2020,20/06/2020,75-79,זכר,753,329,0,0
14/06/2020,20/06/2020,75-79,לא ידוע,0,0,0,0
14/06/2020,20/06/2020,80+,לא ידוע,30,0,0,0
14/06/2020,20/06/2020,80+,נקבה,4959,1232,36,0
14/06/2020,20/06/2020,80+,זכר,2258,618,0,0
14/06/2020,20/06/2020,NULL,נקבה,847,693,16,0
14/06/2020,20/06/2020,NULL,לא ידוע,231,187,32,0
14/06/2020,20/06/2020,NULL,זכר,806,629,22,0
21/06/2020,27/06/2020,0-19,נקבה,14794,13005,347,0
21/06/2020,27/06/2020,0-19,לא ידוע,640,550,0,0
21/06/2020,27/06/2020,0-19,זכר,16094,14134,445,0
21/06/2020,27/06/2020,20-24,לא ידוע,0,0,0,0
21/06/2020,27/06/2020,20-24,זכר,3663,2957,184,0
21/06/2020,27/06/2020,20-24,נקבה,3848,3008,132,0
21/06/2020,27/06/2020,25-29,נקבה,4402,3163,131,0
21/06/2020,27/06/2020,25-29,לא ידוע,0,0,0,0
21/06/2020,27/06/2020,25-29,זכר,3410,2451,132,0
21/06/2020,27/06/2020,30-34,לא ידוע,16,0,0,0
21/06/2020,27/06/2020,30-34,נקבה,4560,3169,77,0
21/06/2020,27/06/2020,30-34,זכר,3650,2540,112,0
21/06/2020,27/06/2020,35-39,זכר,3530,2538,101,0
21/06/2020,27/06/2020,35-39,נקבה,4396,3062,99,0
21/06/2020,27/06/2020,35-39,לא ידוע,0,0,0,0
21/06/2020,27/06/2020,40-44,לא ידוע,0,0,0,0
21/06/2020,27/06/2020,40-44,זכר,2900,2061,97,0
21/06/2020,27/06/2020,40-44,נקבה,4291,2898,107,0
21/06/2020,27/06/2020,45-49,נקבה,3458,2308,76,0
21/06/2020,27/06/2020,45-49,לא ידוע,0,0,0,0
21/06/2020,27/06/2020,45-49,זכר,2598,1835,80,0
21/06/2020,27/06/2020,50-54,לא ידוע,0,0,0,0
21/06/2020,27/06/2020,50-54,נקבה,2906,1881,95,0
21/06/2020,27/06/2020,50-54,זכר,1983,1327,72,0
21/06/2020,27/06/2020,55-59,נקבה,2516,1587,64,0
21/06/2020,27/06/2020,55-59,זכר,1768,1177,68,0
21/06/2020,27/06/2020,55-59,לא ידוע,0,0,0,0
21/06/2020,27/06/2020,60-64,נקבה,2214,1382,50,0
21/06/2020,27/06/2020,60-64,זכר,1738,1124,49,0
21/06/2020,27/06/2020,60-64,לא ידוע,0,0,0,0
21/06/2020,27/06/2020,65-69,נקבה,1773,1092,28,0
21/06/2020,27/06/2020,65-69,זכר,1598,961,44,0
21/06/2020,27/06/2020,65-69,לא ידוע,0,0,0,0
21/06/2020,27/06/2020,70-74,זכר,1407,755,32,0
21/06/2020,27/06/2020,70-74,נקבה,1500,797,21,0
21/06/2020,27/06/2020,70-74,לא ידוע,0,0,0,0
21/06/2020,27/06/2020,75-79,נקבה,1080,440,16,0
21/06/2020,27/06/2020,75-79,זכר,889,419,21,0
21/06/2020,27/06/2020,75-79,לא ידוע,0,0,0,0
21/06/2020,27/06/2020,80+,לא ידוע,0,0,0,0
21/06/2020,27/06/2020,80+,נקבה,5164,862,37,0
21/06/2020,27/06/2020,80+,זכר,2327,635,36,0
21/06/2020,27/06/2020,NULL,נקבה,765,553,19,0
21/06/2020,27/06/2020,NULL,לא ידוע,265,196,20,0
21/06/2020,27/06/2020,NULL,זכר,858,593,21,0
28/06/2020,04/07/2020,0-19,נקבה,17343,15042,627,0
28/06/2020,04/07/2020,0-19,לא ידוע,950,898,17,0
28/06/2020,04/07/2020,0-19,זכר,19821,16921,900,0
28/06/2020,04/07/2020,20-24,לא ידוע,0,0,0,0
28/06/2020,04/07/2020,20-24,זכר,5294,4063,373,0
28/06/2020,04/07/2020,20-24,נקבה,5400,4068,322,0
28/06/2020,04/07/2020,25-29,נקבה,6209,4333,285,0
28/06/2020,04/07/2020,25-29,לא ידוע,26,18,0,0
28/06/2020,04/07/2020,25-29,זכר,5032,3503,360,0
28/06/2020,04/07/2020,30-34,לא ידוע,44,31,0,0
28/06/2020,04/07/2020,30-34,נקבה,5795,4008,214,0
28/06/2020,04/07/2020,30-34,זכר,5054,3534,279,0
28/06/2020,04/07/2020,35-39,זכר,4651,3251,228,0
28/06/2020,04/07/2020,35-39,נקבה,5610,3789,209,0
28/06/2020,04/07/2020,35-39,לא ידוע,26,21,0,0
28/06/2020,04/07/2020,40-44,לא ידוע,16,0,0,0
28/06/2020,04/07/2020,40-44,זכר,4012,2782,183,0
28/06/2020,04/07/2020,40-44,נקבה,5104,3269,155,0
28/06/2020,04/07/2020,45-49,נקבה,4657,3047,167,0
28/06/2020,04/07/2020,45-49,לא ידוע,16,0,0,0
28/06/2020,04/07/2020,45-49,זכר,3636,2495,206,0
28/06/2020,04/07/2020,50-54,לא ידוע,0,0,0,0
28/06/2020,04/07/2020,50-54,נקבה,3992,2456,157,0
28/06/2020,04/07/2020,50-54,זכר,2976,1983,165,0
28/06/2020,04/07/2020,55-59,נקבה,3401,2009,114,0
28/06/2020,04/07/2020,55-59,זכר,2572,1648,117,0
28/06/2020,04/07/2020,55-59,לא ידוע,0,0,0,0
28/06/2020,04/07/2020,60-64,נקבה,2873,1679,84,0
28/06/2020,04/07/2020,60-64,זכר,2448,1528,108,0
28/06/2020,04/07/2020,60-64,לא ידוע,0,0,0,0
28/06/2020,04/07/2020,65-69,נקבה,2176,1306,77,0
28/06/2020,04/07/2020,65-69,זכר,2046,1262,78,0
28/06/2020,04/07/2020,65-69,לא ידוע,0,0,0,0
28/06/2020,04/07/2020,70-74,זכר,1687,933,56,0
28/06/2020,04/07/2020,70-74,נקבה,1831,958,49,0
28/06/2020,04/07/2020,70-74,לא ידוע,0,0,0,0
28/06/2020,04/07/2020,75-79,נקבה,1226,576,27,0
28/06/2020,04/07/2020,75-79,זכר,1046,502,26,0
28/06/2020,04/07/2020,75-79,לא ידוע,0,0,0,0
28/06/2020,04/07/2020,80+,לא ידוע,0,0,0,0
28/06/2020,04/07/2020,80+,נקבה,5296,1235,76,0
28/06/2020,04/07/2020,80+,זכר,2603,820,48,0
28/06/2020,04/07/2020,NULL,נקבה,851,650,21,0
28/06/2020,04/07/2020,NULL,לא ידוע,192,125,0,0
28/06/2020,04/07/2020,NULL,זכר,1040,713,32,0
05/07/2020,11/07/2020,0-19,נקבה,24384,20818,1091,0
05/07/2020,11/07/2020,0-19,לא ידוע,1456,1366,37,0
05/07/2020,11/07/2020,0-19,זכר,26008,21949,1341,0
05/07/2020,11/07/2020,20-24,לא ידוע,16,0,0,0
05/07/2020,11/07/2020,20-24,זכר,6728,4987,542,0
05/07/2020,11/07/2020,20-24,נקבה,8103,6170,605,0
05/07/2020,11/07/2020,25-29,נקבה,8564,6099,464,0
05/07/2020,11/07/2020,25-29,לא ידוע,0,0,0,0
05/07/2020,11/07/2020,25-29,זכר,6842,5024,470,0
05/07/2020,11/07/2020,30-34,לא ידוע,25,0,0,0
05/07/2020,11/07/2020,30-34,נקבה,8070,5572,317,0
05/07/2020,11/07/2020,30-34,זכר,7029,4930,405,0
05/07/2020,11/07/2020,35-39,זכר,6103,4286,320,0
05/07/2020,11/07/2020,35-39,נקבה,7340,4993,285,0
05/07/2020,11/07/2020,35-39,לא ידוע,20,0,0,0
05/07/2020,11/07/2020,40-44,לא ידוע,30,16,0,0
05/07/2020,11/07/2020,40-44,זכר,5274,3671,286,0
05/07/2020,11/07/2020,40-44,נקבה,6849,4524,288,0
05/07/2020,11/07/2020,45-49,נקבה,6099,3996,287,0
05/07/2020,11/07/2020,45-49,לא ידוע,27,0,0,0
05/07/2020,11/07/2020,45-49,זכר,4570,3169,287,0
05/07/2020,11/07/2020,50-54,לא ידוע,0,0,0,0
05/07/2020,11/07/2020,50-54,נקבה,4961,3117,190,0
05/07/2020,11/07/2020,50-54,זכר,3667,2487,204,0
05/07/2020,11/07/2020,55-59,נקבה,4385,2652,190,0
05/07/2020,11/07/2020,55-59,זכר,3139,2061,164,0
05/07/2020,11/07/2020,55-59,לא ידוע,0,0,0,0
05/07/2020,11/07/2020,60-64,נקבה,3621,2196,144,0
05/07/2020,11/07/2020,60-64,זכר,2982,1877,136,0
05/07/2020,11/07/2020,60-64,לא ידוע,0,0,0,0
05/07/2020,11/07/2020,65-69,נקבה,2655,1609,99,0
05/07/2020,11/07/2020,65-69,זכר,2467,1492,103,0
05/07/2020,11/07/2020,65-69,לא ידוע,0,0,0,0
05/07/2020,11/07/2020,70-74,זכר,2085,1043,74,0
05/07/2020,11/07/2020,70-74,נקבה,2128,1059,72,0
05/07/2020,11/07/2020,70-74,לא ידוע,0,0,0,0
05/07/2020,11/07/2020,75-79,נקבה,1472,612,45,0
05/07/2020,11/07/2020,75-79,זכר,1297,575,48,0
05/07/2020,11/07/2020,75-79,לא ידוע,0,0,0,0
05/07/2020,11/07/2020,80+,לא ידוע,0,0,0,0
05/07/2020,11/07/2020,80+,נקבה,6912,1306,113,0
05/07/2020,11/07/2020,80+,זכר,3095,786,69,0
05/07/2020,11/07/2020,NULL,נקבה,988,747,23,0
05/07/2020,11/07/2020,NULL,לא ידוע,339,273,27,0
05/07/2020,11/07/2020,NULL,זכר,1275,877,41,0
12/07/2020,18/07/2020,0-19,נקבה,22097,17174,1536,0
12/07/2020,18/07/2020,0-19,לא ידוע,1113,956,40,0
12/07/2020,18/07/2020,0-19,זכר,24499,18818,1708,0
12/07/2020,18/07/2020,20-24,לא ידוע,0,0,0,0
12/07/2020,18/07/2020,20-24,זכר,7844,5230,706,0
12/07/2020,18/07/2020,20-24,נקבה,8685,6007,749,0
12/07/2020,18/07/2020,25-29,נקבה,8731,5456,553,0
12/07/2020,18/07/2020,25-29,לא ידוע,24,0,0,0
12/07/2020,18/07/2020,25-29,זכר,7390,4582,561,0
12/07/2020,18/07/2020,30-34,לא ידוע,35,24,0,0
12/07/2020,18/07/2020,30-34,נקבה,8273,4984,470,0
12/07/2020,18/07/2020,30-34,זכר,6853,4181,485,0
12/07/2020,18/07/2020,35-39,זכר,5885,3409,400,0
12/07/2020,18/07/2020,35-39,נקבה,7533,4246,381,0
12/07/2020,18/07/2020,35-39,לא ידוע,46,31,0,0
12/07/2020,18/07/2020,40-44,לא ידוע,40,28,0,0
12/07/2020,18/07/2020,40-44,זכר,5311,3065,351,0
12/07/2020,18/07/2020,40-44,נקבה,7084,3867,373,0
12/07/2020,18/07/2020,45-49,נקבה,6711,3497,346,0
12/07/2020,18/07/2020,45-49,לא ידוע,33,22,0,0
12/07/2020,18/07/2020,45-49,זכר,4871,2736,355,0
12/07/2020,18/07/2020,50-54,לא ידוע,0,0,0,0
12/07/2020,18/07/2020,50-54,נקבה,5856,2897,301,0
12/07/2020,18/07/2020,50-54,זכר,4106,2243,311,0
12/07/2020,18/07/2020,55-59,נקבה,5049,2341,237,0
12/07/2020,18/07/2020,55-59,זכר,3572,1886,228,0
12/07/2020,18/07/2020,55-59,לא ידוע,15,0,0,0
12/07/2020,18/07/2020,60-64,נקבה,4308,1895,185,0
12/07/2020,18/07/2020,60-64,זכר,3193,1573,173,0
12/07/2020,18/07/2020,60-64,לא ידוע,0,0,0,0
12/07/2020,18/07/2020,65-69,נקבה,3211,1473,138,0
12/07/2020,18/07/2020,65-69,זכר,2749,1299,147,0
12/07/2020,18/07/2020,65-69,לא ידוע,0,0,0,0
12/07/2020,18/07/2020,70-74,זכר,2482,1049,119,0
12/07/2020,18/07/2020,70-74,נקבה,2671,1134,95,0
12/07/2020,18/07/2020,70-74,לא ידוע,0,0,0,0
12/07/2020,18/07/2020,75-79,נקבה,1979,672,66,0
12/07/2020,18/07/2020,75-79,זכר,1496,550,56,0
12/07/2020,18/07/2020,75-79,לא ידוע,0,0,0,0
12/07/2020,18/07/2020,80+,לא ידוע,0,0,0,0
12/07/2020,18/07/2020,80+,נקבה,9946,1465,136,21
12/07/2020,18/07/2020,80+,זכר,4239,920,85,16
12/07/2020,18/07/2020,NULL,נקבה,1057,715,26,0
12/07/2020,18/07/2020,NULL,לא ידוע,519,290,31,0
12/07/2020,18/07/2020,NULL,זכר,1165,753,42,0
19/07/2020,25/07/2020,0-19,נקבה,18756,13662,1670,0
19/07/2020,25/07/2020,0-19,לא ידוע,182,85,0,0
19/07/2020,25/07/2020,0-19,זכר,20654,14707,1969,0
19/07/2020,25/07/2020,20-24,לא ידוע,17,0,0,0
19/07/2020,25/07/2020,20-24,זכר,7134,4377,757,0
19/07/2020,25/07/2020,20-24,נקבה,7869,4785,671,0
19/07/2020,25/07/2020,25-29,נקבה,8311,4644,540,0
19/07/2020,25/07/2020,25-29,לא ידוע,17,0,0,0
19/07/2020,25/07/2020,25-29,זכר,6761,3683,499,0
19/07/2020,25/07/2020,30-34,לא ידוע,20,0,0,0
19/07/2020,25/07/2020,30-34,נקבה,8022,4345,465,0
19/07/2020,25/07/2020,30-34,זכר,6309,3412,440,0
19/07/2020,25/07/2020,35-39,זכר,5505,2883,385,0
19/07/2020,25/07/2020,35-39,נקבה,7231,3747,431,0
19/07/2020,25/07/2020,35-39,לא ידוע,20,0,0,0
19/07/2020,25/07/2020,40-44,לא ידוע,20,0,0,0
19/07/2020,25/07/2020,40-44,זכר,4853,2642,342,0
19/07/2020,25/07/2020,40-44,נקבה,6753,3196,440,0
19/07/2020,25/07/2020,45-49,נקבה,6447,2928,404,0
19/07/2020,25/07/2020,45-49,לא ידוע,17,0,0,0
19/07/2020,25/07/2020,45-49,זכר,4508,2258,331,0
19/07/2020,25/07/2020,50-54,לא ידוע,0,0,0,0
19/07/2020,25/07/2020,50-54,נקבה,5723,2459,341,0
19/07/2020,25/07/2020,50-54,זכר,3777,1895,280,0
19/07/2020,25/07/2020,55-59,נקבה,5053,2009,255,0
19/07/2020,25/07/2020,55-59,זכר,3326,1590,240,0
19/07/2020,25/07/2020,55-59,לא ידוע,0,0,0,0
19/07/2020,25/07/2020,60-64,נקבה,4356,1726,220,0
19/07/2020,25/07/2020,60-64,זכר,3219,1502,202,0
19/07/2020,25/07/2020,60-64,לא ידוע,0,0,0,0
19/07/2020,25/07/2020,65-69,נקבה,3434,1491,160,0
19/07/2020,25/07/2020,65-69,זכר,2730,1184,146,0
19/07/2020,25/07/2020,65-69,לא ידוע,0,0,0,0
19/07/2020,25/07/2020,70-74,זכר,2482,973,98,0
19/07/2020,25/07/2020,70-74,נקבה,3107,1301,109,0
19/07/2020,25/07/2020,70-74,לא ידוע,0,0,0,0
19/07/2020,25/07/2020,75-79,נקבה,2342,822,57,0
19/07/2020,25/07/2020,75-79,זכר,1623,591,66,0
19/07/2020,25/07/2020,75-79,לא ידוע,0,0,0,0
19/07/2020,25/07/2020,80+,לא ידוע,0,0,0,0
19/07/2020,25/07/2020,80+,נקבה,10976,1887,138,35
19/07/2020,25/07/2020,80+,זכר,4660,1046,86,17
19/07/2020,25/07/2020,NULL,נקבה,985,705,31,0
19/07/2020,25/07/2020,NULL,לא ידוע,336,274,23,0
19/07/2020,25/07/2020,NULL,זכר,1278,812,36,0
26/07/2020,01/08/2020,0-19,נקבה,14298,11007,1592,0
26/07/2020,01/08/2020,0-19,לא ידוע,227,125,18,0
26/07/2020,01/08/2020,0-19,זכר,15389,11633,1840,0
26/07/2020,01/08/2020,20-24,לא ידוע,0,0,0,0
26/07/2020,01/08/2020,20-24,זכר,5740,3612,761,0
26/07/2020,01/08/2020,20-24,נקבה,5981,3779,607,0
26/07/2020,01/08/2020,25-29,נקבה,6591,3601,469,0
26/07/2020,01/08/2020,25-29,לא ידוע,19,0,0,0
26/07/2020,01/08/2020,25-29,זכר,5127,2813,434,0
26/07/2020,01/08/2020,30-34,לא ידוע,38,23,0,0
26/07/2020,01/08/2020,30-34,נקבה,6625,3515,409,0
26/07/2020,01/08/2020,30-34,זכר,5102,2756,421,0
26/07/2020,01/08/2020,35-39,זכר,4454,2435,320,0
26/07/2020,01/08/2020,35-39,נקבה,5953,2940,353,0
26/07/2020,01/08/2020,35-39,לא ידוע,39,27,0,0
26/07/2020,01/08/2020,40-44,לא ידוע,25,17,0,0
26/07/2020,01/08/2020,40-44,זכר,4036,2154,343,0
26/07/2020,01/08/2020,40-44,נקבה,5884,2665,391,0
26/07/2020,01/08/2020,45-49,נקבה,5461,2217,362,0
26/07/2020,01/08/2020,45-49,לא ידוע,27,0,0,0
26/07/2020,01/08/2020,45-49,זכר,3555,1799,305,0
26/07/2020,01/08/2020,50-54,לא ידוע,0,0,0,0
26/07/2020,01/08/2020,50-54,נקבה,5047,1901,278,0
26/07/2020,01/08/2020,50-54,זכר,2992,1436,274,0
26/07/2020,01/08/2020,55-59,נקבה,4659,1695,239,0
26/07/2020,01/08/2020,55-59,זכר,2823,1311,225,0
26/07/2020,01/08/2020,55-59,לא ידוע,0,0,0,0
26/07/2020,01/08/2020,60-64,נקבה,3898,1352,194,0
26/07/2020,01/08/2020,60-64,זכר,2607,1169,209,0
26/07/2020,01/08/2020,60-64,לא ידוע,0,0,0,0
26/07/2020,01/08/2020,65-69,נקבה,3048,1107,140,0
26/07/2020,01/08/2020,65-69,זכר,2408,991,151,0
26/07/2020,01/08/2020,65-69,לא ידוע,0,0,0,0
26/07/2020,01/08/2020,70-74,זכר,2324,854,95,0
26/07/2020,01/08/2020,70-74,נקבה,2682,922,86,0
26/07/2020,01/08/2020,70-74,לא ידוע,0,0,0,0
26/07/2020,01/08/2020,75-79,נקבה,1950,530,58,0
26/07/2020,01/08/2020,75-79,זכר,1417,472,67,0
26/07/2020,01/08/2020,75-79,לא ידוע,0,0,0,0
26/07/2020,01/08/2020,80+,לא ידוע,0,0,0,0
26/07/2020,01/08/2020,80+,נקבה,9040,1143,133,31
26/07/2020,01/08/2020,80+,זכר,3941,781,69,17
26/07/2020,01/08/2020,NULL,נקבה,944,619,21,0
26/07/2020,01/08/2020,NULL,לא ידוע,287,234,0,0
26/07/2020,01/08/2020,NULL,זכר,1270,774,32,0
02/08/2020,08/08/2020,0-19,נקבה,12551,9463,1462,0
02/08/2020,08/08/2020,0-19,לא ידוע,103,58,0,0
02/08/2020,08/08/2020,0-19,זכר,13744,10146,1708,0
02/08/2020,08/08/2020,20-24,לא ידוע,0,0,0,0
02/08/2020,08/08/2020,20-24,זכר,4746,2753,565,0
02/08/2020,08/08/2020,20-24,נקבה,5187,3101,523,0
02/08/2020,08/08/2020,25-29,נקבה,6124,3108,408,0
02/08/2020,08/08/2020,25-29,לא ידוע,22,0,0,0
02/08/2020,08/08/2020,25-29,זכר,4822,2442,419,0
02/08/2020,08/08/2020,30-34,לא ידוע,21,0,0,0
02/08/2020,08/08/2020,30-34,נקבה,6595,3134,349,0
02/08/2020,08/08/2020,30-34,זכר,5088,2499,369,0
02/08/2020,08/08/2020,35-39,זכר,4791,2305,335,0
02/08/2020,08/08/2020,35-39,נקבה,6140,2629,343,0
02/08/2020,08/08/2020,35-39,לא ידוע,24,0,0,0
02/08/2020,08/08/2020,40-44,לא ידוע,21,0,0,0
02/08/2020,08/08/2020,40-44,זכר,4138,2012,340,0
02/08/2020,08/08/2020,40-44,נקבה,6028,2308,339,0
02/08/2020,08/08/2020,45-49,נקבה,6036,2081,295,0
02/08/2020,08/08/2020,45-49,לא ידוע,23,0,0,0
02/08/2020,08/08/2020,45-49,זכר,3839,1753,285,0
02/08/2020,08/08/2020,50-54,לא ידוע,0,0,0,0
02/08/2020,08/08/2020,50-54,נקבה,5513,1821,284,0
02/08/2020,08/08/2020,50-54,זכר,3252,1442,281,0
02/08/2020,08/08/2020,55-59,נקבה,5119,1624,232,0
02/08/2020,08/08/2020,55-59,זכר,2981,1226,200,0
02/08/2020,08/08/2020,55-59,לא ידוע,0,0,0,0
02/08/2020,08/08/2020,60-64,נקבה,4542,1409,199,0
02/08/2020,08/08/2020,60-64,זכר,2880,1167,208,0
02/08/2020,08/08/2020,60-64,לא ידוע,0,0,0,0
02/08/2020,08/08/2020,65-69,נקבה,3675,1213,126,0
02/08/2020,08/08/2020,65-69,זכר,2707,1030,156,0
02/08/2020,08/08/2020,65-69,לא ידוע,0,0,0,0
02/08/2020,08/08/2020,70-74,זכר,2570,846,115,0
02/08/2020,08/08/2020,70-74,נקבה,3362,981,98,0
02/08/2020,08/08/2020,70-74,לא ידוע,20,0,0,0
02/08/2020,08/08/2020,75-79,נקבה,2306,567,62,0
02/08/2020,08/08/2020,75-79,זכר,1688,484,69,0
02/08/2020,08/08/2020,75-79,לא ידוע,0,0,0,0
02/08/2020,08/08/2020,80+,לא ידוע,34,0,0,0
02/08/2020,08/08/2020,80+,נקבה,10191,1213,127,26
02/08/2020,08/08/2020,80+,זכר,4662,849,97,27
02/08/2020,08/08/2020,NULL,נקבה,965,644,23,0
02/08/2020,08/08/2020,NULL,לא ידוע,264,207,0,0
02/08/2020,08/08/2020,NULL,זכר,1287,792,40,0
09/08/2020,15/08/2020,0-19,נקבה,11692,8521,1416,0
09/08/2020,15/08/2020,0-19,לא ידוע,188,130,52,0
09/08/2020,15/08/2020,0-19,זכר,12204,8987,1481,0
09/08/2020,15/08/2020,20-24,לא ידוע,0,0,0,0
09/08/2020,15/08/2020,20-24,זכר,4860,2716,499,0
09/08/2020,15/08/2020,20-24,נקבה,5525,3207,544,0
09/08/2020,15/08/2020,25-29,נקבה,6557,3215,487,0
09/08/2020,15/08/2020,25-29,לא ידוע,20,0,0,0
09/08/2020,15/08/2020,25-29,זכר,5088,2461,349,0
09/08/2020,15/08/2020,30-34,לא ידוע,32,0,0,0
09/08/2020,15/08/2020,30-34,נקבה,6660,3055,399,0
09/08/2020,15/08/2020,30-34,זכר,5171,2462,359,0
09/08/2020,15/08/2020,35-39,זכר,4776,2213,290,0
09/08/2020,15/08/2020,35-39,נקבה,6308,2579,335,0
09/08/2020,15/08/2020,35-39,לא ידוע,35,0,0,0
09/08/2020,15/08/2020,40-44,לא ידוע,29,0,0,0
09/08/2020,15/08/2020,40-44,זכר,4318,1974,310,0
09/08/2020,15/08/2020,40-44,נקבה,6196,2244,354,0
09/08/2020,15/08/2020,45-49,נקבה,6331,2128,306,0
09/08/2020,15/08/2020,45-49,לא ידוע,28,0,0,0
09/08/2020,15/08/2020,45-49,זכר,4054,1847,290,0
09/08/2020,15/08/2020,50-54,לא ידוע,15,0,0,0
09/08/2020,15/08/2020,50-54,נקבה,5930,1826,278,0
09/08/2020,15/08/2020,50-54,זכר,3537,1500,236,0
09/08/2020,15/08/2020,55-59,נקבה,5446,1674,243,0
09/08/2020,15/08/2020,55-59,זכר,3223,1369,218,0
09/08/2020,15/08/2020,55-59,לא ידוע,0,0,0,0
09/08/2020,15/08/2020,60-64,נקבה,4903,1434,185,0
09/08/2020,15/08/2020,60-64,זכר,3022,1202,204,0
09/08/2020,15/08/2020,60-64,לא ידוע,0,0,0,0
09/08/2020,15/08/2020,65-69,נקבה,3818,1253,126,0
09/08/2020,15/08/2020,65-69,זכר,2779,1032,167,0
09/08/2020,15/08/2020,65-69,לא ידוע,0,0,0,0
09/08/2020,15/08/2020,70-74,זכר,2472,798,104,0
09/08/2020,15/08/2020,70-74,נקבה,3341,1084,98,0
09/08/2020,15/08/2020,70-74,לא ידוע,0,0,0,0
09/08/2020,15/08/2020,75-79,נקבה,2326,615,49,0
09/08/2020,15/08/2020,75-79,זכר,1644,483,66,0
09/08/2020,15/08/2020,75-79,לא ידוע,0,0,0,0
09/08/2020,15/08/2020,80+,לא ידוע,0,0,0,0
09/08/2020,15/08/2020,80+,נקבה,9661,1338,109,32
09/08/2020,15/08/2020,80+,זכר,4247,818,73,22
09/08/2020,15/08/2020,NULL,נקבה,1008,676,29,0
09/08/2020,15/08/2020,NULL,לא ידוע,220,154,0,0
09/08/2020,15/08/2020,NULL,זכר,1401,904,60,0
16/08/2020,22/08/2020,0-19,נקבה,11774,8365,1403,0
16/08/2020,22/08/2020,0-19,לא ידוע,189,132,46,0
16/08/2020,22/08/2020,0-19,זכר,17868,12309,1392,0
16/08/2020,22/08/2020,20-24,לא ידוע,16,0,0,0
16/08/2020,22/08/2020,20-24,זכר,7740,4437,465,0
16/08/2020,22/08/2020,20-24,נקבה,6232,3614,602,0
16/08/2020,22/08/2020,25-29,נקבה,6822,3348,483,0
16/08/2020,22/08/2020,25-29,לא ידוע,0,0,0,0
16/08/2020,22/08/2020,25-29,זכר,5488,2883,363,0
16/08/2020,22/08/2020,30-34,לא ידוע,20,0,0,0
16/08/2020,22/08/2020,30-34,נקבה,7070,3147,364,0
16/08/2020,22/08/2020,30-34,זכר,5372,2579,344,0
16/08/2020,22/08/2020,35-39,זכר,4866,2306,269,0
16/08/2020,22/08/2020,35-39,נקבה,6451,2579,302,0
16/08/2020,22/08/2020,35-39,לא ידוע,21,0,0,0
16/08/2020,22/08/2020,40-44,לא ידוע,15,0,0,0
16/08/2020,22/08/2020,40-44,זכר,4402,2103,252,0
16/08/2020,22/08/2020,40-44,נקבה,6308,2245,305,0
16/08/2020,22/08/2020,45-49,נקבה,6560,2102,359,0
16/08/2020,22/08/2020,45-49,לא ידוע,21,0,0,0
16/08/2020,22/08/2020,45-49,זכר,4211,2009,287,0
16/08/2020,22/08/2020,50-54,לא ידוע,0,0,0,0
16/08/2020,22/08/2020,50-54,נקבה,6268,1927,281,0
16/08/2020,22/08/2020,50-54,זכר,3754,1686,266,0
16/08/2020,22/08/2020,55-59,נקבה,5807,1633,253,0
16/08/2020,22/08/2020,55-59,זכר,3374,1468,201,0
16/08/2020,22/08/2020,55-59,לא ידוע,0,0,0,0
16/08/2020,22/08/2020,60-64,נקבה,5159,1399,199,0
16/08/2020,22/08/2020,60-64,זכר,3104,1223,178,0
16/08/2020,22/08/2020,60-64,לא ידוע,0,0,0,0
16/08/2020,22/08/2020,65-69,נקבה,3962,1209,158,0
16/08/2020,22/08/2020,65-69,זכר,2871,1083,147,0
16/08/2020,22/08/2020,65-69,לא ידוע,0,0,0,0
16/08/2020,22/08/2020,70-74,זכר,2545,849,111,0
16/08/2020,22/08/2020,70-74,נקבה,3175,865,100,0
16/08/2020,22/08/2020,70-74,לא ידוע,0,0,0,0
16/08/2020,22/08/2020,75-79,נקבה,2108,502,77,0
16/08/2020,22/08/2020,75-79,זכר,1632,488,61,0
16/08/2020,22/08/2020,75-79,לא ידוע,0,0,0,0
16/08/2020,22/08/2020,80+,לא ידוע,0,0,0,0
16/08/2020,22/08/2020,80+,נקבה,9662,967,192,20
16/08/2020,22/08/2020,80+,זכר,4254,772,108,23
16/08/2020,22/08/2020,NULL,נקבה,1134,775,42,0
16/08/2020,22/08/2020,NULL,לא ידוע,258,187,0,0
16/08/2020,22/08/2020,NULL,זכר,1309,852,35,0
23/08/2020,29/08/2020,0-19,נקבה,14287,10411,1613,0
23/08/2020,29/08/2020,0-19,לא ידוע,198,135,29,0
23/08/2020,29/08/2020,0-19,זכר,20876,13950,1617,0
23/08/2020,29/08/2020,20-24,לא ידוע,0,0,0,0
23/08/2020,29/08/2020,20-24,זכר,9211,5226,555,0
23/08/2020,29/08/2020,20-24,נקבה,6964,4063,706,0
23/08/2020,29/08/2020,25-29,נקבה,7917,3821,543,0
23/08/2020,29/08/2020,25-29,לא ידוע,24,0,0,0
23/08/2020,29/08/2020,25-29,זכר,6633,3419,450,0
23/08/2020,29/08/2020,30-34,לא ידוע,40,0,0,0
23/08/2020,29/08/2020,30-34,נקבה,7537,3460,482,0
23/08/2020,29/08/2020,30-34,זכר,6033,2906,365,0
23/08/2020,29/08/2020,35-39,זכר,5463,2581,356,0
23/08/2020,29/08/2020,35-39,נקבה,6874,2935,411,0
23/08/2020,29/08/2020,35-39,לא ידוע,56,0,0,0
23/08/2020,29/08/2020,40-44,לא ידוע,26,0,0,0
23/08/2020,29/08/2020,40-44,זכר,4938,2416,308,0
23/08/2020,29/08/2020,40-44,נקבה,7044,2606,442,0
23/08/2020,29/08/2020,45-49,נקבה,7250,2533,468,0
23/08/2020,29/08/2020,45-49,לא ידוע,17,0,0,0
23/08/2020,29/08/2020,45-49,זכר,4867,2313,345,0
23/08/2020,29/08/2020,50-54,לא ידוע,0,0,0,0
23/08/2020,29/08/2020,50-54,נקבה,6828,2191,360,0
23/08/2020,29/08/2020,50-54,זכר,4349,2048,277,0
23/08/2020,29/08/2020,55-59,נקבה,6419,1928,348,0
23/08/2020,29/08/2020,55-59,זכר,4019,1841,264,0
23/08/2020,29/08/2020,55-59,לא ידוע,0,0,0,0
23/08/2020,29/08/2020,60-64,נקבה,5527,1509,232,0
23/08/2020,29/08/2020,60-64,זכר,3754,1529,213,0
23/08/2020,29/08/2020,60-64,לא ידוע,0,0,0,0
23/08/2020,29/08/2020,65-69,נקבה,4176,1263,175,0
23/08/2020,29/08/2020,65-69,זכר,3280,1241,176,0
23/08/2020,29/08/2020,65-69,לא ידוע,0,0,0,0
23/08/2020,29/08/2020,70-74,זכר,2756,931,115,0
23/08/2020,29/08/2020,70-74,נקבה,3361,925,136,0
23/08/2020,29/08/2020,70-74,לא ידוע,0,0,0,0
23/08/2020,29/08/2020,75-79,נקבה,2107,553,83,0
23/08/2020,29/08/2020,75-79,זכר,1870,569,78,0
23/08/2020,29/08/2020,75-79,לא ידוע,0,0,0,0
23/08/2020,29/08/2020,80+,לא ידוע,29,0,0,0
23/08/2020,29/08/2020,80+,נקבה,9880,868,163,22
23/08/2020,29/08/2020,80+,זכר,4280,693,93,20
23/08/2020,29/08/2020,NULL,נקבה,1333,975,51,0
23/08/2020,29/08/2020,NULL,לא ידוע,283,212,0,0
23/08/2020,29/08/2020,NULL,זכר,1608,1138,46,0
30/08/2020,05/09/2020,0-19,נקבה,16598,11871,1807,0
30/08/2020,05/09/2020,0-19,לא ידוע,158,100,32,0
30/08/2020,05/09/2020,0-19,זכר,22707,14693,3385,0
30/08/2020,05/09/2020,20-24,לא ידוע,0,0,0,0
30/08/2020,05/09/2020,20-24,זכר,9336,4810,1161,0
30/08/2020,05/09/2020,20-24,נקבה,7648,4394,783,0
30/08/2020,05/09/2020,25-29,נקבה,8619,4198,598,0
30/08/2020,05/09/2020,25-29,לא ידוע,15,0,0,0
30/08/2020,05/09/2020,25-29,זכר,7269,3778,602,0
30/08/2020,05/09/2020,30-34,לא ידוע,29,0,0,0
30/08/2020,05/09/2020,30-34,נקבה,8372,3952,542,0
30/08/2020,05/09/2020,30-34,זכר,6633,3309,466,0
30/08/2020,05/09/2020,35-39,זכר,6011,2950,428,0
30/08/2020,05/09/2020,35-39,נקבה,7610,3336,493,0
30/08/2020,05/09/2020,35-39,לא ידוע,29,0,0,0
30/08/2020,05/09/2020,40-44,לא ידוע,16,0,0,0
30/08/2020,05/09/2020,40-44,זכר,5481,2754,430,0
30/08/2020,05/09/2020,40-44,נקבה,7522,2949,497,0
30/08/2020,05/09/2020,45-49,נקבה,7807,2861,503,0
30/08/2020,05/09/2020,45-49,לא ידוע,21,0,0,0
30/08/2020,05/09/2020,45-49,זכר,5374,2674,441,0
30/08/2020,05/09/2020,50-54,לא ידוע,0,0,0,0
30/08/2020,05/09/2020,50-54,נקבה,7074,2467,420,0
30/08/2020,05/09/2020,50-54,זכר,4758,2338,406,0
30/08/2020,05/09/2020,55-59,נקבה,6412,2037,333,0
30/08/2020,05/09/2020,55-59,זכר,4151,1884,303,0
30/08/2020,05/09/2020,55-59,לא ידוע,0,0,0,0
30/08/2020,05/09/2020,60-64,נקבה,5470,1725,287,0
30/08/2020,05/09/2020,60-64,זכר,3749,1648,267,0
30/08/2020,05/09/2020,60-64,לא ידוע,0,0,0,0
30/08/2020,05/09/2020,65-69,נקבה,4019,1315,192,0
30/08/2020,05/09/2020,65-69,זכר,3299,1374,222,0
30/08/2020,05/09/2020,65-69,לא ידוע,0,0,0,0
30/08/2020,05/09/2020,70-74,זכר,2696,972,135,0
30/08/2020,05/09/2020,70-74,נקבה,3270,961,131,0
30/08/2020,05/09/2020,70-74,לא ידוע,0,0,0,0
30/08/2020,05/09/2020,75-79,נקבה,2149,552,102,0
30/08/2020,05/09/2020,75-79,זכר,1637,500,82,0
30/08/2020,05/09/2020,75-79,לא ידוע,0,0,0,0
30/08/2020,05/09/2020,80+,לא ידוע,0,0,0,0
30/08/2020,05/09/2020,80+,נקבה,9488,888,179,33
30/08/2020,05/09/2020,80+,זכר,4038,699,120,27
30/08/2020,05/09/2020,NULL,נקבה,1237,875,50,0
30/08/2020,05/09/2020,NULL,לא ידוע,300,254,0,0
30/08/2020,05/09/2020,NULL,זכר,1638,1094,33,0
06/09/2020,12/09/2020,0-19,נקבה,36920,27790,3256,0
06/09/2020,12/09/2020,0-19,לא ידוע,278,212,42,0
06/09/2020,12/09/2020,0-19,זכר,42583,29309,5262,0
06/09/2020,12/09/2020,20-24,לא ידוע,0,0,0,0
06/09/2020,12/09/2020,20-24,זכר,10708,5264,1558,0
06/09/2020,12/09/2020,20-24,נקבה,10422,6199,1134,0
06/09/2020,12/09/2020,25-29,נקבה,11638,6099,993,0
06/09/2020,12/09/2020,25-29,לא ידוע,25,0,0,0
06/09/2020,12/09/2020,25-29,זכר,9433,5103,1008,0
06/09/2020,12/09/2020,30-34,לא ידוע,39,0,0,0
06/09/2020,12/09/2020,30-34,נקבה,11719,6100,823,0
06/09/2020,12/09/2020,30-34,זכר,9021,4806,736,0
06/09/2020,12/09/2020,35-39,זכר,8598,4569,727,0
06/09/2020,12/09/2020,35-39,נקבה,11358,5782,854,0
06/09/2020,12/09/2020,35-39,לא ידוע,37,0,0,0
06/09/2020,12/09/2020,40-44,לא ידוע,26,0,0,0
06/09/2020,12/09/2020,40-44,זכר,7503,4077,629,0
06/09/2020,12/09/2020,40-44,נקבה,10961,5260,809,0
06/09/2020,12/09/2020,45-49,נקבה,10636,4676,761,0
06/09/2020,12/09/2020,45-49,לא ידוע,18,0,0,0
06/09/2020,12/09/2020,45-49,זכר,6962,3748,654,0
06/09/2020,12/09/2020,50-54,לא ידוע,0,0,0,0
06/09/2020,12/09/2020,50-54,נקבה,9303,3666,620,0
06/09/2020,12/09/2020,50-54,זכר,5958,3033,548,0
06/09/2020,12/09/2020,55-59,נקבה,8003,2953,498,0
06/09/2020,12/09/2020,55-59,זכר,5013,2431,441,0
06/09/2020,12/09/2020,55-59,לא ידוע,0,0,0,0
06/09/2020,12/09/2020,60-64,נקבה,6781,2310,396,0
06/09/2020,12/09/2020,60-64,זכר,4665,2147,380,0
06/09/2020,12/09/2020,60-64,לא ידוע,0,0,0,0
06/09/2020,12/09/2020,65-69,נקבה,4857,1753,267,0
06/09/2020,12/09/2020,65-69,זכר,3970,1726,280,0
06/09/2020,12/09/2020,65-69,לא ידוע,0,0,0,0
06/09/2020,12/09/2020,70-74,זכר,3230,1276,190,0
06/09/2020,12/09/2020,70-74,נקבה,3861,1169,177,0
06/09/2020,12/09/2020,70-74,לא ידוע,0,0,0,0
06/09/2020,12/09/2020,75-79,נקבה,2600,664,125,0
06/09/2020,12/09/2020,75-79,זכר,1940,667,122,0
06/09/2020,12/09/2020,75-79,לא ידוע,0,0,0,0
06/09/2020,12/09/2020,80+,לא ידוע,0,0,0,0
06/09/2020,12/09/2020,80+,נקבה,9407,1033,214,27
06/09/2020,12/09/2020,80+,זכר,4458,867,149,33
06/09/2020,12/09/2020,NULL,נקבה,1355,936,58,0
06/09/2020,12/09/2020,NULL,לא ידוע,233,184,0,0
06/09/2020,12/09/2020,NULL,זכר,1661,1110,74,0
13/09/2020,19/09/2020,0-19,נקבה,51339,37903,4635,0
13/09/2020,19/09/2020,0-19,לא ידוע,261,166,44,0
13/09/2020,19/09/2020,0-19,זכר,57130,39753,6564,0
13/09/2020,19/09/2020,20-24,לא ידוע,0,0,0,0
13/09/2020,19/09/2020,20-24,זכר,12611,6342,2105,0
13/09/2020,19/09/2020,20-24,נקבה,13108,7681,1554,0
13/09/2020,19/09/2020,25-29,נקבה,14945,7995,1306,0
13/09/2020,19/09/2020,25-29,לא ידוע,21,0,0,0
13/09/2020,19/09/2020,25-29,זכר,12027,6541,1385,0
13/09/2020,19/09/2020,30-34,לא ידוע,27,0,0,0
13/09/2020,19/09/2020,30-34,נקבה,15432,8089,1210,0
13/09/2020,19/09/2020,30-34,זכר,11893,6456,1087,0
13/09/2020,19/09/2020,35-39,זכר,11392,6269,1037,0
13/09/2020,19/09/2020,35-39,נקבה,14621,7625,1137,0
13/09/2020,19/09/2020,35-39,לא ידוע,29,0,0,0
13/09/2020,19/09/2020,40-44,לא ידוע,19,0,0,0
13/09/2020,19/09/2020,40-44,זכר,10004,5686,1048,0
13/09/2020,19/09/2020,40-44,נקבה,13679,6933,1047,0
13/09/2020,19/09/2020,45-49,נקבה,12711,6067,1089,0
13/09/2020,19/09/2020,45-49,לא ידוע,21,0,0,0
13/09/2020,19/09/2020,45-49,זכר,8768,4831,945,0
13/09/2020,19/09/2020,50-54,לא ידוע,0,0,0,0
13/09/2020,19/09/2020,50-54,נקבה,10714,4649,835,0
13/09/2020,19/09/2020,50-54,זכר,7172,3857,745,0
13/09/2020,19/09/2020,55-59,נקבה,9184,3749,694,0
13/09/2020,19/09/2020,55-59,זכר,6065,3178,649,0
13/09/2020,19/09/2020,55-59,לא ידוע,0,0,0,0
13/09/2020,19/09/2020,60-64,נקבה,7462,3036,515,0
13/09/2020,19/09/2020,60-64,זכר,5496,2755,532,0
13/09/2020,19/09/2020,60-64,לא ידוע,0,0,0,0
13/09/2020,19/09/2020,65-69,נקבה,5481,2209,389,0
13/09/2020,19/09/2020,65-69,זכר,4805,2273,422,0
13/09/2020,19/09/2020,65-69,לא ידוע,0,0,0,0
13/09/2020,19/09/2020,70-74,זכר,3730,1556,284,0
13/09/2020,19/09/2020,70-74,נקבה,4284,1483,234,0
13/09/2020,19/09/2020,70-74,לא ידוע,0,0,0,0
13/09/2020,19/09/2020,75-79,נקבה,3043,797,143,0
13/09/2020,19/09/2020,75-79,זכר,2265,800,142,0
13/09/2020,19/09/2020,75-79,לא ידוע,0,0,0,0
13/09/2020,19/09/2020,80+,לא ידוע,0,0,0,0
13/09/2020,19/09/2020,80+,נקבה,11459,1264,290,34
13/09/2020,19/09/2020,80+,זכר,5396,1011,211,27
13/09/2020,19/09/2020,NULL,נקבה,1630,1164,69,0
13/09/2020,19/09/2020,NULL,לא ידוע,232,197,0,0
13/09/2020,19/09/2020,NULL,זכר,2126,1454,89,0
20/09/2020,26/09/2020,0-19,נקבה,44862,30281,5758,0
20/09/2020,26/09/2020,0-19,לא ידוע,297,177,31,0
20/09/2020,26/09/2020,0-19,זכר,49211,31023,7736,0
20/09/2020,26/09/2020,20-24,לא ידוע,0,0,0,0
20/09/2020,26/09/2020,20-24,זכר,14260,7135,2713,0
20/09/2020,26/09/2020,20-24,נקבה,14395,7847,2135,0
20/09/2020,26/09/2020,25-29,נקבה,15221,7461,1745,0
20/09/2020,26/09/2020,25-29,לא ידוע,16,0,0,0
20/09/2020,26/09/2020,25-29,זכר,12945,6745,1849,0
20/09/2020,26/09/2020,30-34,לא ידוע,30,0,0,0
20/09/2020,26/09/2020,30-34,נקבה,14876,7144,1541,0
20/09/2020,26/09/2020,30-34,זכר,12377,6383,1632,0
20/09/2020,26/09/2020,35-39,זכר,11616,6056,1496,0
20/09/2020,26/09/2020,35-39,נקבה,14239,6784,1413,0
20/09/2020,26/09/2020,35-39,לא ידוע,37,0,0,0
20/09/2020,26/09/2020,40-44,לא ידוע,26,0,0,0
20/09/2020,26/09/2020,40-44,זכר,10506,5547,1458,0
20/09/2020,26/09/2020,40-44,נקבה,14013,6334,1424,0
20/09/2020,26/09/2020,45-49,נקבה,13604,5885,1345,0
20/09/2020,26/09/2020,45-49,לא ידוע,20,0,0,0
20/09/2020,26/09/2020,45-49,זכר,9771,5203,1373,0
20/09/2020,26/09/2020,50-54,לא ידוע,0,0,0,0
20/09/2020,26/09/2020,50-54,נקבה,12175,4924,1244,0
20/09/2020,26/09/2020,50-54,זכר,8142,4170,1145,0
20/09/2020,26/09/2020,55-59,נקבה,10483,3915,921,0
20/09/2020,26/09/2020,55-59,זכר,7093,3646,1021,0
20/09/2020,26/09/2020,55-59,לא ידוע,0,0,0,0
20/09/2020,26/09/2020,60-64,נקבה,8709,3205,679,0
20/09/2020,26/09/2020,60-64,זכר,6472,3193,849,0
20/09/2020,26/09/2020,60-64,לא ידוע,0,0,0,0
20/09/2020,26/09/2020,65-69,נקבה,6637,2465,540,0
20/09/2020,26/09/2020,65-69,זכר,5497,2462,663,0
20/09/2020,26/09/2020,65-69,לא ידוע,0,0,0,0
20/09/2020,26/09/2020,70-74,זכר,4275,1656,405,17
20/09/2020,26/09/2020,70-74,נקבה,5351,1731,364,0
20/09/2020,26/09/2020,70-74,לא ידוע,0,0,0,0
20/09/2020,26/09/2020,75-79,נקבה,3605,910,199,0
20/09/2020,26/09/2020,75-79,זכר,2708,897,239,0
20/09/2020,26/09/2020,75-79,לא ידוע,0,0,0,0
20/09/2020,26/09/2020,80+,לא ידוע,36,0,0,0
20/09/2020,26/09/2020,80+,נקבה,14867,1285,434,55
20/09/2020,26/09/2020,80+,זכר,6514,1061,314,51
20/09/2020,26/09/2020,NULL,נקבה,1599,1150,114,0
20/09/2020,26/09/2020,NULL,לא ידוע,179,151,23,0
20/09/2020,26/09/2020,NULL,זכר,1907,1207,126,0
27/09/2020,03/10/2020,0-19,נקבה,34920,21386,4938,0
27/09/2020,03/10/2020,0-19,לא ידוע,238,132,33,0
27/09/2020,03/10/2020,0-19,זכר,38831,21938,6410,0
27/09/2020,03/10/2020,20-24,לא ידוע,0,0,0,0
27/09/2020,03/10/2020,20-24,זכר,12436,5791,2330,0
27/09/2020,03/10/2020,20-24,נקבה,12215,6169,1729,0
27/09/2020,03/10/2020,25-29,נקבה,12682,5603,1406,0
27/09/2020,03/10/2020,25-29,לא ידוע,0,0,0,0
27/09/2020,03/10/2020,25-29,זכר,10930,5247,1666,0
27/09/2020,03/10/2020,30-34,לא ידוע,0,0,0,0
27/09/2020,03/10/2020,30-34,נקבה,11768,5089,1164,0
27/09/2020,03/10/2020,30-34,זכר,10169,4925,1427,0
27/09/2020,03/10/2020,35-39,זכר,9018,4281,1314,0
27/09/2020,03/10/2020,35-39,נקבה,10938,4566,1075,0
27/09/2020,03/10/2020,35-39,לא ידוע,0,0,0,0
27/09/2020,03/10/2020,40-44,לא ידוע,0,0,0,0
27/09/2020,03/10/2020,40-44,זכר,8172,3908,1150,0
27/09/2020,03/10/2020,40-44,נקבה,10853,4270,1022,0
27/09/2020,03/10/2020,45-49,נקבה,10814,4123,1027,0
27/09/2020,03/10/2020,45-49,לא ידוע,0,0,0,0
27/09/2020,03/10/2020,45-49,זכר,7785,3749,1094,0
27/09/2020,03/10/2020,50-54,לא ידוע,0,0,0,0
27/09/2020,03/10/2020,50-54,נקבה,10019,3572,834,0
27/09/2020,03/10/2020,50-54,זכר,6786,3307,895,0
27/09/2020,03/10/2020,55-59,נקבה,8891,3082,708,0
27/09/2020,03/10/2020,55-59,זכר,6050,2821,796,0
27/09/2020,03/10/2020,55-59,לא ידוע,0,0,0,0
27/09/2020,03/10/2020,60-64,נקבה,7541,2637,601,0
27/09/2020,03/10/2020,60-64,זכר,5596,2630,754,0
27/09/2020,03/10/2020,60-64,לא ידוע,0,0,0,0
27/09/2020,03/10/2020,65-69,נקבה,5665,2067,469,0
27/09/2020,03/10/2020,65-69,זכר,4806,2107,631,15
27/09/2020,03/10/2020,65-69,לא ידוע,0,0,0,0
27/09/2020,03/10/2020,70-74,זכר,3929,1563,452,23
27/09/2020,03/10/2020,70-74,נקבה,4672,1560,332,0
27/09/2020,03/10/2020,70-74,לא ידוע,0,0,0,0
27/09/2020,03/10/2020,75-79,נקבה,3059,864,237,0
27/09/2020,03/10/2020,75-79,זכר,2315,795,241,25
27/09/2020,03/10/2020,75-79,לא ידוע,0,0,0,0
27/09/2020,03/10/2020,80+,לא ידוע,0,0,0,0
27/09/2020,03/10/2020,80+,נקבה,11402,1431,431,60
27/09/2020,03/10/2020,80+,זכר,5465,1099,373,71
27/09/2020,03/10/2020,NULL,נקבה,1568,1135,110,0
27/09/2020,03/10/2020,NULL,לא ידוע,177,148,31,0
27/09/2020,03/10/2020,NULL,זכר,1710,1214,120,0
04/10/2020,10/10/2020,0-19,נקבה,30038,15765,3940,0
04/10/2020,10/10/2020,0-19,לא ידוע,266,177,45,0
04/10/2020,10/10/2020,0-19,זכר,31485,16052,4182,0
04/10/2020,10/10/2020,20-24,לא ידוע,0,0,0,0
04/10/2020,10/10/2020,20-24,זכר,10951,5077,1415,0
04/10/2020,10/10/2020,20-24,נקבה,11501,5266,1242,0
04/10/2020,10/10/2020,25-29,נקבה,11840,4646,946,0
04/10/2020,10/10/2020,25-29,לא ידוע,0,0,0,0
04/10/2020,10/10/2020,25-29,זכר,10229,4520,1093,0
04/10/2020,10/10/2020,30-34,לא ידוע,29,0,0,0
04/10/2020,10/10/2020,30-34,נקבה,11109,4110,790,0
04/10/2020,10/10/2020,30-34,זכר,9229,3885,900,0
04/10/2020,10/10/2020,35-39,זכר,8233,3430,790,0
04/10/2020,10/10/2020,35-39,נקבה,10346,3546,747,0
04/10/2020,10/10/2020,35-39,לא ידוע,37,0,0,0
04/10/2020,10/10/2020,40-44,לא ידוע,26,0,0,0
04/10/2020,10/10/2020,40-44,זכר,7515,3190,746,0
04/10/2020,10/10/2020,40-44,נקבה,10361,3439,741,0
04/10/2020,10/10/2020,45-49,נקבה,10513,3276,695,0
04/10/2020,10/10/2020,45-49,לא ידוע,20,0,0,0
04/10/2020,10/10/2020,45-49,זכר,7199,3102,695,0
04/10/2020,10/10/2020,50-54,לא ידוע,0,0,0,0
04/10/2020,10/10/2020,50-54,נקבה,9972,2897,558,0
04/10/2020,10/10/2020,50-54,זכר,6318,2694,584,0
04/10/2020,10/10/2020,55-59,נקבה,9066,2631,532,0
04/10/2020,10/10/2020,55-59,זכר,5891,2463,564,0
04/10/2020,10/10/2020,55-59,לא ידוע,0,0,0,0
04/10/2020,10/10/2020,60-64,נקבה,7787,2314,426,0
04/10/2020,10/10/2020,60-64,זכר,5650,2300,538,0
04/10/2020,10/10/2020,60-64,לא ידוע,0,0,0,0
04/10/2020,10/10/2020,65-69,נקבה,6252,1917,362,0
04/10/2020,10/10/2020,65-69,זכר,5140,1993,449,0
04/10/2020,10/10/2020,65-69,לא ידוע,0,0,0,0
04/10/2020,10/10/2020,70-74,זכר,4195,1404,340,23
04/10/2020,10/10/2020,70-74,נקבה,5335,1592,313,0
04/10/2020,10/10/2020,70-74,לא ידוע,0,0,0,0
04/10/2020,10/10/2020,75-79,נקבה,3370,851,179,18
04/10/2020,10/10/2020,75-79,זכר,2685,836,203,15
04/10/2020,10/10/2020,75-79,לא ידוע,0,0,0,0
04/10/2020,10/10/2020,80+,לא ידוע,39,0,0,0
04/10/2020,10/10/2020,80+,נקבה,13194,1477,395,66
04/10/2020,10/10/2020,80+,זכר,6326,1146,298,75
04/10/2020,10/10/2020,NULL,נקבה,1499,1036,80,0
04/10/2020,10/10/2020,NULL,לא ידוע,159,121,25,0
04/10/2020,10/10/2020,NULL,זכר,1715,1149,122,0
11/10/2020,17/10/2020,0-19,נקבה,22298,10539,2049,0
11/10/2020,17/10/2020,0-19,לא ידוע,152,87,20,0
11/10/2020,17/10/2020,0-19,זכר,24105,11293,2072,0
11/10/2020,17/10/2020,20-24,לא ידוע,0,0,0,0
11/10/2020,17/10/2020,20-24,זכר,8655,3753,719,0
11/10/2020,17/10/2020,20-24,נקבה,9776,4061,661,0
11/10/2020,17/10/2020,25-29,נקבה,10571,3836,535,0
11/10/2020,17/10/2020,25-29,לא ידוע,18,0,0,0
11/10/2020,17/10/2020,25-29,זכר,8337,3312,506,0
11/10/2020,17/10/2020,30-34,לא ידוע,34,0,0,0
11/10/2020,17/10/2020,30-34,נקבה,10532,3745,437,0
11/10/2020,17/10/2020,30-34,זכר,7783,3055,411,0
11/10/2020,17/10/2020,35-39,זכר,7024,2612,373,0
11/10/2020,17/10/2020,35-39,נקבה,10188,3439,405,0
11/10/2020,17/10/2020,35-39,לא ידוע,37,0,0,0
11/10/2020,17/10/2020,40-44,לא ידוע,28,0,0,0
11/10/2020,17/10/2020,40-44,זכר,6540,2532,345,0
11/10/2020,17/10/2020,40-44,נקבה,10367,3333,380,0
11/10/2020,17/10/2020,45-49,נקבה,10774,3355,343,0
11/10/2020,17/10/2020,45-49,לא ידוע,23,0,0,0
11/10/2020,17/10/2020,45-49,זכר,6404,2393,310,0
11/10/2020,17/10/2020,50-54,לא ידוע,0,0,0,0
11/10/2020,17/10/2020,50-54,נקבה,10233,3080,329,0
11/10/2020,17/10/2020,50-54,זכר,5789,2276,278,0
11/10/2020,17/10/2020,55-59,נקבה,9630,2859,271,0
11/10/2020,17/10/2020,55-59,זכר,5289,1990,263,0
11/10/2020,17/10/2020,55-59,לא ידוע,0,0,0,0
11/10/2020,17/10/2020,60-64,נקבה,8187,2448,220,0
11/10/2020,17/10/2020,60-64,זכר,5166,1933,222,0
11/10/2020,17/10/2020,60-64,לא ידוע,0,0,0,0
11/10/2020,17/10/2020,65-69,נקבה,6311,2034,161,0
11/10/2020,17/10/2020,65-69,זכר,4758,1766,203,19
11/10/2020,17/10/2020,65-69,לא ידוע,0,0,0,0
11/10/2020,17/10/2020,70-74,זכר,4209,1532,155,29
11/10/2020,17/10/2020,70-74,נקבה,5053,1495,126,0
11/10/2020,17/10/2020,70-74,לא ידוע,0,0,0,0
11/10/2020,17/10/2020,75-79,נקבה,3159,793,104,0
11/10/2020,17/10/2020,75-79,זכר,2521,790,103,18
11/10/2020,17/10/2020,75-79,לא ידוע,0,0,0,0
11/10/2020,17/10/2020,80+,לא ידוע,19,0,0,0
11/10/2020,17/10/2020,80+,נקבה,11474,1258,260,52
11/10/2020,17/10/2020,80+,זכר,5457,994,149,77
11/10/2020,17/10/2020,NULL,נקבה,1538,1094,77,0
11/10/2020,17/10/2020,NULL,לא ידוע,208,168,19,0
11/10/2020,17/10/2020,NULL,זכר,1672,1135,61,0
18/10/2020,24/10/2020,0-19,נקבה,16649,8323,1013,0
18/10/2020,24/10/2020,0-19,לא ידוע,83,41,0,0
18/10/2020,24/10/2020,0-19,זכר,29270,13160,1145,0
18/10/2020,24/10/2020,20-24,לא ידוע,0,0,0,0
18/10/2020,24/10/2020,20-24,זכר,10409,3983,366,0
18/10/2020,24/10/2020,20-24,נקבה,8421,3622,342,0
18/10/2020,24/10/2020,25-29,נקבה,9871,3837,277,0
18/10/2020,24/10/2020,25-29,לא ידוע,21,0,0,0
18/10/2020,24/10/2020,25-29,זכר,7273,2814,247,0
18/10/2020,24/10/2020,30-34,לא ידוע,30,0,0,0
18/10/2020,24/10/2020,30-34,נקבה,9936,3818,257,0
18/10/2020,24/10/2020,30-34,זכר,7196,2853,250,0
18/10/2020,24/10/2020,35-39,זכר,6601,2639,217,0
18/10/2020,24/10/2020,35-39,נקבה,9785,3610,214,0
18/10/2020,24/10/2020,35-39,לא ידוע,41,0,0,0
18/10/2020,24/10/2020,40-44,לא ידוע,26,0,0,0
18/10/2020,24/10/2020,40-44,זכר,5923,2327,197,0
18/10/2020,24/10/2020,40-44,נקבה,9835,3415,205,0
18/10/2020,24/10/2020,45-49,נקבה,10435,3549,210,0
18/10/2020,24/10/2020,45-49,לא ידוע,23,0,0,0
18/10/2020,24/10/2020,45-49,זכר,5803,2308,205,0
18/10/2020,24/10/2020,50-54,לא ידוע,16,0,0,0
18/10/2020,24/10/2020,50-54,נקבה,9676,3140,184,0
18/10/2020,24/10/2020,50-54,זכר,5045,1935,154,0
18/10/2020,24/10/2020,55-59,נקבה,9081,2808,142,0
18/10/2020,24/10/2020,55-59,זכר,4678,1755,140,0
18/10/2020,24/10/2020,55-59,לא ידוע,20,0,0,0
18/10/2020,24/10/2020,60-64,נקבה,7834,2485,129,0
18/10/2020,24/10/2020,60-64,זכר,4625,1734,126,0
18/10/2020,24/10/2020,60-64,לא ידוע,0,0,0,0
18/10/2020,24/10/2020,65-69,נקבה,5936,2047,97,0
18/10/2020,24/10/2020,65-69,זכר,4213,1693,109,0
18/10/2020,24/10/2020,65-69,לא ידוע,0,0,0,0
18/10/2020,24/10/2020,70-74,זכר,3624,1423,80,20
18/10/2020,24/10/2020,70-74,נקבה,4568,1535,79,0
18/10/2020,24/10/2020,70-74,לא ידוע,0,0,0,0
18/10/2020,24/10/2020,75-79,נקבה,2635,787,50,0
18/10/2020,24/10/2020,75-79,זכר,2159,811,44,0
18/10/2020,24/10/2020,75-79,לא ידוע,0,0,0,0
18/10/2020,24/10/2020,80+,לא ידוע,0,0,0,0
18/10/2020,24/10/2020,80+,נקבה,8250,1114,142,46
18/10/2020,24/10/2020,80+,זכר,4076,916,91,63
18/10/2020,24/10/2020,NULL,נקבה,1604,1154,41,0
18/10/2020,24/10/2020,NULL,לא ידוע,233,193,0,0
18/10/2020,24/10/2020,NULL,זכר,1917,1409,45,0
25/10/2020,31/10/2020,0-19,נקבה,16635,8972,574,0
25/10/2020,31/10/2020,0-19,לא ידוע,107,64,0,0
25/10/2020,31/10/2020,0-19,זכר,24485,12328,699,0
25/10/2020,31/10/2020,20-24,לא ידוע,0,0,0,0
25/10/2020,31/10/2020,20-24,זכר,9169,3596,233,0
25/10/2020,31/10/2020,20-24,נקבה,7610,3141,260,0
25/10/2020,31/10/2020,25-29,נקבה,9714,3647,221,0
25/10/2020,31/10/2020,25-29,לא ידוע,0,0,0,0
25/10/2020,31/10/2020,25-29,זכר,7039,2918,181,0
25/10/2020,31/10/2020,30-34,לא ידוע,25,0,0,0
25/10/2020,31/10/2020,30-34,נקבה,10432,4024,159,0
25/10/2020,31/10/2020,30-34,זכר,7318,3118,147,0
25/10/2020,31/10/2020,35-39,זכר,6800,2884,142,0
25/10/2020,31/10/2020,35-39,נקבה,9986,3712,170,0
25/10/2020,31/10/2020,35-39,לא ידוע,30,0,0,0
25/10/2020,31/10/2020,40-44,לא ידוע,23,0,0,0
25/10/2020,31/10/2020,40-44,זכר,5958,2416,128,0
25/10/2020,31/10/2020,40-44,נקבה,9857,3372,159,0
25/10/2020,31/10/2020,45-49,נקבה,10073,3223,157,0
25/10/2020,31/10/2020,45-49,לא ידוע,16,0,0,0
25/10/2020,31/10/2020,45-49,זכר,5676,2296,129,0
25/10/2020,31/10/2020,50-54,לא ידוע,0,0,0,0
25/10/2020,31/10/2020,50-54,נקבה,9246,2726,139,0
25/10/2020,31/10/2020,50-54,זכר,4918,1992,111,0
25/10/2020,31/10/2020,55-59,נקבה,8581,2428,113,0
25/10/2020,31/10/2020,55-59,זכר,4550,1705,102,0
25/10/2020,31/10/2020,55-59,לא ידוע,0,0,0,0
25/10/2020,31/10/2020,60-64,נקבה,7279,2158,85,0
25/10/2020,31/10/2020,60-64,זכר,4421,1655,102,0
25/10/2020,31/10/2020,60-64,לא ידוע,0,0,0,0
25/10/2020,31/10/2020,65-69,נקבה,5437,1687,64,0
25/10/2020,31/10/2020,65-69,זכר,4161,1637,77,0
25/10/2020,31/10/2020,65-69,לא ידוע,0,0,0,0
25/10/2020,31/10/2020,70-74,זכר,3528,1328,54,0
25/10/2020,31/10/2020,70-74,נקבה,4328,1318,55,0
25/10/2020,31/10/2020,70-74,לא ידוע,0,0,0,0
25/10/2020,31/10/2020,75-79,נקבה,2372,635,36,0
25/10/2020,31/10/2020,75-79,זכר,1919,628,33,0
25/10/2020,31/10/2020,75-79,לא ידוע,0,0,0,0
25/10/2020,31/10/2020,80+,לא ידוע,18,0,0,0
25/10/2020,31/10/2020,80+,נקבה,8150,942,67,47
25/10/2020,31/10/2020,80+,זכר,4016,858,55,39
25/10/2020,31/10/2020,NULL,נקבה,1589,1160,29,0
25/10/2020,31/10/2020,NULL,לא ידוע,246,190,30,0
25/10/2020,31/10/2020,NULL,זכר,2150,1581,61,0
01/11/2020,07/11/2020,0-19,נקבה,17698,9989,595,0
01/11/2020,07/11/2020,0-19,לא ידוע,110,24,0,0
01/11/2020,07/11/2020,0-19,זכר,28749,11929,609,0
01/11/2020,07/11/2020,20-24,לא ידוע,0,0,0,0
01/11/2020,07/11/2020,20-24,זכר,9527,2974,208,0
01/11/2020,07/11/2020,20-24,נקבה,7139,2911,230,0
01/11/2020,07/11/2020,25-29,נקבה,9184,3381,214,0
01/11/2020,07/11/2020,25-29,לא ידוע,19,0,0,0
01/11/2020,07/11/2020,25-29,זכר,7452,2959,177,0
01/11/2020,07/11/2020,30-34,לא ידוע,36,0,0,0
01/11/2020,07/11/2020,30-34,נקבה,9667,3523,201,0
01/11/2020,07/11/2020,30-34,זכר,7381,3090,159,0
01/11/2020,07/11/2020,35-39,זכר,7082,2883,122,0
01/11/2020,07/11/2020,35-39,נקבה,9007,3050,154,0
01/11/2020,07/11/2020,35-39,לא ידוע,53,0,0,0
01/11/2020,07/11/2020,40-44,לא ידוע,28,0,0,0
01/11/2020,07/11/2020,40-44,זכר,6219,2599,144,0
01/11/2020,07/11/2020,40-44,נקבה,8838,2766,178,0
01/11/2020,07/11/2020,45-49,נקבה,8786,2558,177,0
01/11/2020,07/11/2020,45-49,לא ידוע,22,0,0,0
01/11/2020,07/11/2020,45-49,זכר,5771,2396,140,0
01/11/2020,07/11/2020,50-54,לא ידוע,0,0,0,0
01/11/2020,07/11/2020,50-54,נקבה,8035,2085,147,0
01/11/2020,07/11/2020,50-54,זכר,4883,1970,132,0
01/11/2020,07/11/2020,55-59,נקבה,7746,2007,121,0
01/11/2020,07/11/2020,55-59,זכר,4525,1764,120,0
01/11/2020,07/11/2020,55-59,לא ידוע,0,0,0,0
01/11/2020,07/11/2020,60-64,נקבה,6766,1756,85,0
01/11/2020,07/11/2020,60-64,זכר,4394,1709,82,0
01/11/2020,07/11/2020,60-64,לא ידוע,0,0,0,0
01/11/2020,07/11/2020,65-69,נקבה,5260,1604,83,0
01/11/2020,07/11/2020,65-69,זכר,4152,1721,65,0
01/11/2020,07/11/2020,65-69,לא ידוע,0,0,0,0
01/11/2020,07/11/2020,70-74,זכר,3592,1495,39,0
01/11/2020,07/11/2020,70-74,נקבה,4277,1309,57,0
01/11/2020,07/11/2020,70-74,לא ידוע,0,0,0,0
01/11/2020,07/11/2020,75-79,נקבה,2470,736,32,0
01/11/2020,07/11/2020,75-79,זכר,1907,755,30,0
01/11/2020,07/11/2020,75-79,לא ידוע,0,0,0,0
01/11/2020,07/11/2020,80+,לא ידוע,0,0,0,0
01/11/2020,07/11/2020,80+,נקבה,7267,892,75,34
01/11/2020,07/11/2020,80+,זכר,3671,877,44,20
01/11/2020,07/11/2020,NULL,נקבה,1304,909,26,0
01/11/2020,07/11/2020,NULL,לא ידוע,175,132,0,0
01/11/2020,07/11/2020,NULL,זכר,1860,1298,26,0
08/11/2020,14/11/2020,0-19,נקבה,22399,12150,580,0
08/11/2020,14/11/2020,0-19,לא ידוע,193,45,0,0
08/11/2020,14/11/2020,0-19,זכר,30588,14252,664,0
08/11/2020,14/11/2020,20-24,לא ידוע,0,0,0,0
08/11/2020,14/11/2020,20-24,זכר,7427,2503,199,0
08/11/2020,14/11/2020,20-24,נקבה,7677,2901,219,0
08/11/2020,14/11/2020,25-29,נקבה,9796,3508,231,0
08/11/2020,14/11/2020,25-29,לא ידוע,0,0,0,0
08/11/2020,14/11/2020,25-29,זכר,7248,2778,137,0
08/11/2020,14/11/2020,30-34,לא ידוע,25,0,0,0
08/11/2020,14/11/2020,30-34,נקבה,10859,3899,158,0
08/11/2020,14/11/2020,30-34,זכר,7975,3216,170,0
08/11/2020,14/11/2020,35-39,זכר,7862,3224,134,0
08/11/2020,14/11/2020,35-39,נקבה,10356,3689,170,0
08/11/2020,14/11/2020,35-39,לא ידוע,35,0,0,0
08/11/2020,14/11/2020,40-44,לא ידוע,20,0,0,0
08/11/2020,14/11/2020,40-44,זכר,6883,2921,170,0
08/11/2020,14/11/2020,40-44,נקבה,9600,3047,183,0
08/11/2020,14/11/2020,45-49,נקבה,9098,2566,166,0
08/11/2020,14/11/2020,45-49,לא ידוע,21,0,0,0
08/11/2020,14/11/2020,45-49,זכר,6169,2505,136,0
08/11/2020,14/11/2020,50-54,לא ידוע,0,0,0,0
08/11/2020,14/11/2020,50-54,נקבה,8192,2064,136,0
08/11/2020,14/11/2020,50-54,זכר,4917,1939,125,0
08/11/2020,14/11/2020,55-59,נקבה,7715,1883,110,0
08/11/2020,14/11/2020,55-59,זכר,4716,1822,114,0
08/11/2020,14/11/2020,55-59,לא ידוע,0,0,0,0
08/11/2020,14/11/2020,60-64,נקבה,6996,1952,100,0
08/11/2020,14/11/2020,60-64,זכר,4610,1855,86,0
08/11/2020,14/11/2020,60-64,לא ידוע,0,0,0,0
08/11/2020,14/11/2020,65-69,נקבה,5595,1826,79,0
08/11/2020,14/11/2020,65-69,זכר,4342,1897,80,0
08/11/2020,14/11/2020,65-69,לא ידוע,0,0,0,0
08/11/2020,14/11/2020,70-74,זכר,3792,1648,59,0
08/11/2020,14/11/2020,70-74,נקבה,4469,1528,68,0
08/11/2020,14/11/2020,70-74,לא ידוע,0,0,0,0
08/11/2020,14/11/2020,75-79,נקבה,2511,828,41,0
08/11/2020,14/11/2020,75-79,זכר,2162,888,40,0
08/11/2020,14/11/2020,75-79,לא ידוע,0,0,0,0
08/11/2020,14/11/2020,80+,לא ידוע,0,0,0,0
08/11/2020,14/11/2020,80+,נקבה,6900,1036,65,0
08/11/2020,14/11/2020,80+,זכר,3790,1006,37,0
08/11/2020,14/11/2020,NULL,נקבה,1343,988,28,0
08/11/2020,14/11/2020,NULL,לא ידוע,151,119,0,0
08/11/2020,14/11/2020,NULL,זכר,2067,1367,29,0
15/11/2020,21/11/2020,0-19,נקבה,27158,14584,679,0
15/11/2020,21/11/2020,0-19,לא ידוע,266,122,0,0
15/11/2020,21/11/2020,0-19,זכר,39028,16291,668,0
15/11/2020,21/11/2020,20-24,לא ידוע,16,0,0,0
15/11/2020,21/11/2020,20-24,זכר,12132,3667,187,0
15/11/2020,21/11/2020,20-24,נקבה,9840,3780,262,0
15/11/2020,21/11/2020,25-29,נקבה,11786,4241,238,0
15/11/2020,21/11/2020,25-29,לא ידוע,32,18,0,0
15/11/2020,21/11/2020,25-29,זכר,10312,3967,185,0
15/11/2020,21/11/2020,30-34,לא ידוע,63,30,0,0
15/11/2020,21/11/2020,30-34,נקבה,12652,4420,240,0
15/11/2020,21/11/2020,30-34,זכר,10697,4279,160,0
15/11/2020,21/11/2020,35-39,זכר,10236,4133,170,0
15/11/2020,21/11/2020,35-39,נקבה,12354,4367,204,0
15/11/2020,21/11/2020,35-39,לא ידוע,74,19,0,0
15/11/2020,21/11/2020,40-44,לא ידוע,41,18,0,0
15/11/2020,21/11/2020,40-44,זכר,9814,4177,154,0
15/11/2020,21/11/2020,40-44,נקבה,12197,4032,200,0
15/11/2020,21/11/2020,45-49,נקבה,11695,3600,203,0
15/11/2020,21/11/2020,45-49,לא ידוע,37,17,0,0
15/11/2020,21/11/2020,45-49,זכר,9263,3989,160,0
15/11/2020,21/11/2020,50-54,לא ידוע,17,0,0,0
15/11/2020,21/11/2020,50-54,נקבה,10723,3045,161,0
15/11/2020,21/11/2020,50-54,זכר,7716,3354,131,0
15/11/2020,21/11/2020,55-59,נקבה,9923,2724,125,0
15/11/2020,21/11/2020,55-59,זכר,6965,2823,123,0
15/11/2020,21/11/2020,55-59,לא ידוע,21,0,0,0
15/11/2020,21/11/2020,60-64,נקבה,8866,2623,110,0
15/11/2020,21/11/2020,60-64,זכר,6482,2618,109,0
15/11/2020,21/11/2020,60-64,לא ידוע,0,0,0,0
15/11/2020,21/11/2020,65-69,נקבה,6834,2255,76,0
15/11/2020,21/11/2020,65-69,זכר,5734,2525,88,0
15/11/2020,21/11/2020,65-69,לא ידוע,0,0,0,0
15/11/2020,21/11/2020,70-74,זכר,4425,1833,57,0
15/11/2020,21/11/2020,70-74,נקבה,5091,1762,63,0
15/11/2020,21/11/2020,70-74,לא ידוע,0,0,0,0
15/11/2020,21/11/2020,75-79,נקבה,2561,843,42,0
15/11/2020,21/11/2020,75-79,זכר,2297,866,35,0
15/11/2020,21/11/2020,75-79,לא ידוע,0,0,0,0
15/11/2020,21/11/2020,80+,לא ידוע,15,0,0,0
15/11/2020,21/11/2020,80+,נקבה,7122,1016,72,20
15/11/2020,21/11/2020,80+,זכר,3724,881,41,0
15/11/2020,21/11/2020,NULL,נקבה,1841,1307,29,0
15/11/2020,21/11/2020,NULL,לא ידוע,279,243,0,0
15/11/2020,21/11/2020,NULL,זכר,2402,1625,37,0
22/11/2020,28/11/2020,0-19,נקבה,33661,17752,878,0
22/11/2020,28/11/2020,0-19,לא ידוע,263,125,0,0
22/11/2020,28/11/2020,0-19,זכר,41061,18676,850,0
22/11/2020,28/11/2020,20-24,לא ידוע,0,0,0,0
22/11/2020,28/11/2020,20-24,זכר,12338,4270,270,0
22/11/2020,28/11/2020,20-24,נקבה,11382,4374,324,0
22/11/2020,28/11/2020,25-29,נקבה,13208,4669,301,0
22/11/2020,28/11/2020,25-29,לא ידוע,44,22,0,0
22/11/2020,28/11/2020,25-29,זכר,11675,4463,221,0
22/11/2020,28/11/2020,30-34,לא ידוע,75,31,0,0
22/11/2020,28/11/2020,30-34,נקבה,13833,4890,295,0
22/11/2020,28/11/2020,30-34,זכר,12493,4967,224,0
22/11/2020,28/11/2020,35-39,זכר,12133,4935,214,0
22/11/2020,28/11/2020,35-39,נקבה,13809,4772,259,0
22/11/2020,28/11/2020,35-39,לא ידוע,96,40,0,0
22/11/2020,28/11/2020,40-44,לא ידוע,61,33,0,0
22/11/2020,28/11/2020,40-44,זכר,11598,4832,202,0
22/11/2020,28/11/2020,40-44,נקבה,13592,4434,229,0
22/11/2020,28/11/2020,45-49,נקבה,13443,4333,249,0
22/11/2020,28/11/2020,45-49,לא ידוע,49,26,0,0
22/11/2020,28/11/2020,45-49,זכר,10937,4684,186,0
22/11/2020,28/11/2020,50-54,לא ידוע,38,24,0,0
22/11/2020,28/11/2020,50-54,נקבה,12058,3553,200,0
22/11/2020,28/11/2020,50-54,זכר,9366,4065,172,0
22/11/2020,28/11/2020,55-59,נקבה,10759,3032,171,0
22/11/2020,28/11/2020,55-59,זכר,8224,3407,140,0
22/11/2020,28/11/2020,55-59,לא ידוע,19,0,0,0
22/11/2020,28/11/2020,60-64,נקבה,9349,2833,129,0
22/11/2020,28/11/2020,60-64,זכר,7518,3131,112,0
22/11/2020,28/11/2020,60-64,לא ידוע,16,0,0,0
22/11/2020,28/11/2020,65-69,נקבה,7405,2483,113,0
22/11/2020,28/11/2020,65-69,זכר,6406,2867,89,0
22/11/2020,28/11/2020,65-69,לא ידוע,0,0,0,0
22/11/2020,28/11/2020,70-74,זכר,4985,2170,86,0
22/11/2020,28/11/2020,70-74,נקבה,5453,1854,75,0
22/11/2020,28/11/2020,70-74,לא ידוע,0,0,0,0
22/11/2020,28/11/2020,75-79,נקבה,2786,926,31,0
22/11/2020,28/11/2020,75-79,זכר,2519,984,50,0
22/11/2020,28/11/2020,75-79,לא ידוע,0,0,0,0
22/11/2020,28/11/2020,80+,לא ידוע,20,0,0,0
22/11/2020,28/11/2020,80+,נקבה,7105,1112,81,0
22/11/2020,28/11/2020,80+,זכר,3907,1049,41,0
22/11/2020,28/11/2020,NULL,נקבה,2352,1836,31,0
22/11/2020,28/11/2020,NULL,לא ידוע,1214,211,15,0
22/11/2020,28/11/2020,NULL,זכר,3369,2543,45,0
29/11/2020,05/12/2020,0-19,נקבה,46581,24604,1194,0
29/11/2020,05/12/2020,0-19,לא ידוע,273,163,0,0
29/11/2020,05/12/2020,0-19,זכר,53427,24861,1262,0
29/11/2020,05/12/2020,20-24,לא ידוע,53,47,0,0
29/11/2020,05/12/2020,20-24,זכר,13250,4546,362,0
29/11/2020,05/12/2020,20-24,נקבה,13337,4938,476,0
29/11/2020,05/12/2020,25-29,נקבה,15122,5138,436,0
29/11/2020,05/12/2020,25-29,לא ידוע,57,29,0,0
29/11/2020,05/12/2020,25-29,זכר,13140,4592,319,0
29/11/2020,05/12/2020,30-34,לא ידוע,75,29,0,0
29/11/2020,05/12/2020,30-34,נקבה,16043,5337,371,0
29/11/2020,05/12/2020,30-34,זכר,14014,5002,299,0
29/11/2020,05/12/2020,35-39,זכר,13418,4898,290,0
29/11/2020,05/12/2020,35-39,נקבה,15647,5181,364,0
29/11/2020,05/12/2020,35-39,לא ידוע,105,36,0,0
29/11/2020,05/12/2020,40-44,לא ידוע,67,23,0,0
29/11/2020,05/12/2020,40-44,זכר,13166,5065,270,0
29/11/2020,05/12/2020,40-44,נקבה,15765,5131,355,0
29/11/2020,05/12/2020,45-49,נקבה,15387,4785,295,0
29/11/2020,05/12/2020,45-49,לא ידוע,65,30,0,0
29/11/2020,05/12/2020,45-49,זכר,12464,4898,293,0
29/11/2020,05/12/2020,50-54,לא ידוע,40,18,0,0
29/11/2020,05/12/2020,50-54,נקבה,13479,3812,302,0
29/11/2020,05/12/2020,50-54,זכר,10366,3919,223,0
29/11/2020,05/12/2020,55-59,נקבה,12118,3322,242,0
29/11/2020,05/12/2020,55-59,זכר,9248,3487,200,0
29/11/2020,05/12/2020,55-59,לא ידוע,27,0,0,0
29/11/2020,05/12/2020,60-64,נקבה,10600,3157,190,0
29/11/2020,05/12/2020,60-64,זכר,8308,3034,190,0
29/11/2020,05/12/2020,60-64,לא ידוע,0,0,0,0
29/11/2020,05/12/2020,65-69,נקבה,8319,2776,160,0
29/11/2020,05/12/2020,65-69,זכר,7155,2893,150,0
29/11/2020,05/12/2020,65-69,לא ידוע,0,0,0,0
29/11/2020,05/12/2020,70-74,זכר,5638,2277,130,0
29/11/2020,05/12/2020,70-74,נקבה,6117,2121,127,0
29/11/2020,05/12/2020,70-74,לא ידוע,0,0,0,0
29/11/2020,05/12/2020,75-79,נקבה,3330,1016,72,0
29/11/2020,05/12/2020,75-79,זכר,2934,1128,72,0
29/11/2020,05/12/2020,75-79,לא ידוע,0,0,0,0
29/11/2020,05/12/2020,80+,לא ידוע,21,0,0,0
29/11/2020,05/12/2020,80+,נקבה,9592,1353,131,0
29/11/2020,05/12/2020,80+,זכר,4977,1214,93,0
29/11/2020,05/12/2020,NULL,נקבה,2417,1814,32,0
29/11/2020,05/12/2020,NULL,לא ידוע,595,220,0,0
29/11/2020,05/12/2020,NULL,זכר,3670,2620,53,0
06/12/2020,12/12/2020,0-19,נקבה,60650,29977,1674,0
06/12/2020,12/12/2020,0-19,לא ידוע,355,203,0,0
06/12/2020,12/12/2020,0-19,זכר,68033,30994,1616,0
06/12/2020,12/12/2020,20-24,לא ידוע,52,47,0,0
06/12/2020,12/12/2020,20-24,זכר,15193,5049,512,0
06/12/2020,12/12/2020,20-24,נקבה,15449,5544,585,0
06/12/2020,12/12/2020,25-29,נקבה,17636,5751,588,0
06/12/2020,12/12/2020,25-29,לא ידוע,54,35,0,0
06/12/2020,12/12/2020,25-29,זכר,14788,5304,448,0
06/12/2020,12/12/2020,30-34,לא ידוע,84,44,0,0
06/12/2020,12/12/2020,30-34,נקבה,18612,6055,519,0
06/12/2020,12/12/2020,30-34,זכר,15811,5462,449,0
06/12/2020,12/12/2020,35-39,זכר,15784,5571,392,0
06/12/2020,12/12/2020,35-39,נקבה,18645,6092,449,0
06/12/2020,12/12/2020,35-39,לא ידוע,95,37,0,0
06/12/2020,12/12/2020,40-44,לא ידוע,84,39,0,0
06/12/2020,12/12/2020,40-44,זכר,15361,5657,399,0
06/12/2020,12/12/2020,40-44,נקבה,18716,6128,482,0
06/12/2020,12/12/2020,45-49,נקבה,17872,5662,443,0
06/12/2020,12/12/2020,45-49,לא ידוע,56,20,0,0
06/12/2020,12/12/2020,45-49,זכר,14457,5527,353,0
06/12/2020,12/12/2020,50-54,לא ידוע,44,25,0,0
06/12/2020,12/12/2020,50-54,נקבה,14955,4377,350,0
06/12/2020,12/12/2020,50-54,זכר,12167,4581,348,0
06/12/2020,12/12/2020,55-59,נקבה,12905,3558,289,0
06/12/2020,12/12/2020,55-59,זכר,10095,3683,274,0
06/12/2020,12/12/2020,55-59,לא ידוע,33,18,0,0
06/12/2020,12/12/2020,60-64,נקבה,10961,3289,243,0
06/12/2020,12/12/2020,60-64,זכר,9227,3398,257,0
06/12/2020,12/12/2020,60-64,לא ידוע,21,0,0,0
06/12/2020,12/12/2020,65-69,נקבה,8238,2669,169,0
06/12/2020,12/12/2020,65-69,זכר,7840,2983,216,0
06/12/2020,12/12/2020,65-69,לא ידוע,0,0,0,0
06/12/2020,12/12/2020,70-74,זכר,5749,2116,143,0
06/12/2020,12/12/2020,70-74,נקבה,6162,2041,128,0
06/12/2020,12/12/2020,70-74,לא ידוע,0,0,0,0
06/12/2020,12/12/2020,75-79,נקבה,3385,1002,77,0
06/12/2020,12/12/2020,75-79,זכר,3004,1065,85,0
06/12/2020,12/12/2020,75-79,לא ידוע,0,0,0,0
06/12/2020,12/12/2020,80+,לא ידוע,28,0,0,0
06/12/2020,12/12/2020,80+,נקבה,10749,1241,197,27
06/12/2020,12/12/2020,80+,זכר,5460,1162,109,0
06/12/2020,12/12/2020,NULL,נקבה,2843,2112,40,0
06/12/2020,12/12/2020,NULL,לא ידוע,642,303,0,0
06/12/2020,12/12/2020,NULL,זכר,4124,2845,80,0
13/12/2020,19/12/2020,0-19,נקבה,68026,31222,2604,0
13/12/2020,19/12/2020,0-19,לא ידוע,438,231,0,0
13/12/2020,19/12/2020,0-19,זכר,72915,31473,2477,0
13/12/2020,19/12/2020,20-24,לא ידוע,27,17,0,0
13/12/2020,19/12/2020,20-24,זכר,17441,5756,665,0
13/12/2020,19/12/2020,20-24,נקבה,18275,6242,846,0
13/12/2020,19/12/2020,25-29,נקבה,20150,6194,804,0
13/12/2020,19/12/2020,25-29,לא ידוע,42,18,0,0
13/12/2020,19/12/2020,25-29,זכר,17444,5967,675,0
13/12/2020,19/12/2020,30-34,לא ידוע,77,29,0,0
13/12/2020,19/12/2020,30-34,נקבה,21127,6404,699,0
13/12/2020,19/12/2020,30-34,זכר,18674,6206,585,0
13/12/2020,19/12/2020,35-39,זכר,18300,6163,523,0
13/12/2020,19/12/2020,35-39,נקבה,20997,6441,656,0
13/12/2020,19/12/2020,35-39,לא ידוע,92,32,0,0
13/12/2020,19/12/2020,40-44,לא ידוע,53,17,0,0
13/12/2020,19/12/2020,40-44,זכר,17965,6197,531,0
13/12/2020,19/12/2020,40-44,נקבה,20769,6278,645,0
13/12/2020,19/12/2020,45-49,נקבה,19321,5794,669,0
13/12/2020,19/12/2020,45-49,לא ידוע,52,19,0,0
13/12/2020,19/12/2020,45-49,זכר,16697,5893,549,0
13/12/2020,19/12/2020,50-54,לא ידוע,40,18,0,0
13/12/2020,19/12/2020,50-54,נקבה,16486,4523,486,0
13/12/2020,19/12/2020,50-54,זכר,13607,4728,460,0
13/12/2020,19/12/2020,55-59,נקבה,14576,3885,448,0
13/12/2020,19/12/2020,55-59,זכר,11529,3928,403,0
13/12/2020,19/12/2020,55-59,לא ידוע,25,0,0,0
13/12/2020,19/12/2020,60-64,נקבה,12262,3515,329,0
13/12/2020,19/12/2020,60-64,זכר,10372,3599,322,0
13/12/2020,19/12/2020,60-64,לא ידוע,22,0,0,0
13/12/2020,19/12/2020,65-69,נקבה,9559,3258,288,0
13/12/2020,19/12/2020,65-69,זכר,8713,3120,275,0
13/12/2020,19/12/2020,65-69,לא ידוע,0,0,0,0
13/12/2020,19/12/2020,70-74,זכר,6671,2373,236,0
13/12/2020,19/12/2020,70-74,נקבה,7092,2263,193,0
13/12/2020,19/12/2020,70-74,לא ידוע,0,0,0,0
13/12/2020,19/12/2020,75-79,נקבה,3760,1075,120,0
13/12/2020,19/12/2020,75-79,זכר,3294,1137,99,0
13/12/2020,19/12/2020,75-79,לא ידוע,0,0,0,0
13/12/2020,19/12/2020,80+,לא ידוע,19,0,0,0
13/12/2020,19/12/2020,80+,נקבה,11802,1339,253,19
13/12/2020,19/12/2020,80+,זכר,5825,1212,168,29
13/12/2020,19/12/2020,NULL,נקבה,3288,2562,80,0
13/12/2020,19/12/2020,NULL,לא ידוע,567,288,0,0
13/12/2020,19/12/2020,NULL,זכר,4441,3177,113,0
20/12/2020,26/12/2020,0-19,נקבה,89235,33386,4056,0
20/12/2020,26/12/2020,0-19,לא ידוע,575,315,0,0
20/12/2020,26/12/2020,0-19,זכר,105206,35040,3939,0
20/12/2020,26/12/2020,20-24,לא ידוע,99,55,0,0
20/12/2020,26/12/2020,20-24,זכר,24276,6495,1137,0
20/12/2020,26/12/2020,20-24,נקבה,22860,7144,1349,0
20/12/2020,26/12/2020,25-29,נקבה,23747,6704,1220,0
20/12/2020,26/12/2020,25-29,לא ידוע,63,34,0,0
20/12/2020,26/12/2020,25-29,זכר,21071,6464,1020,0
20/12/2020,26/12/2020,30-34,לא ידוע,88,34,0,0
20/12/2020,26/12/2020,30-34,נקבה,24120,6676,1009,0
20/12/2020,26/12/2020,30-34,זכר,21229,6357,954,0
20/12/2020,26/12/2020,35-39,זכר,20950,6376,862,0
20/12/2020,26/12/2020,35-39,נקבה,23613,6496,920,0
20/12/2020,26/12/2020,35-39,לא ידוע,87,31,0,0
20/12/2020,26/12/2020,40-44,לא ידוע,52,17,0,0
20/12/2020,26/12/2020,40-44,זכר,19774,6043,805,0
20/12/2020,26/12/2020,40-44,נקבה,22895,6248,996,0
20/12/2020,26/12/2020,45-49,נקבה,21657,5855,899,0
20/12/2020,26/12/2020,45-49,לא ידוע,57,17,0,0
20/12/2020,26/12/2020,45-49,זכר,18537,5662,744,0
20/12/2020,26/12/2020,50-54,לא ידוע,29,0,0,0
20/12/2020,26/12/2020,50-54,נקבה,18091,4519,714,0
20/12/2020,26/12/2020,50-54,זכר,15045,4586,644,0
20/12/2020,26/12/2020,55-59,נקבה,15589,3835,571,0
20/12/2020,26/12/2020,55-59,זכר,12537,3828,572,0
20/12/2020,26/12/2020,55-59,לא ידוע,34,0,0,0
20/12/2020,26/12/2020,60-64,נקבה,13057,3468,491,0
20/12/2020,26/12/2020,60-64,זכר,11067,3390,481,0
20/12/2020,26/12/2020,60-64,לא ידוע,22,0,0,0
20/12/2020,26/12/2020,65-69,נקבה,10111,2999,355,0
20/12/2020,26/12/2020,65-69,זכר,9354,3067,464,0
20/12/2020,26/12/2020,65-69,לא ידוע,0,0,0,0
20/12/2020,26/12/2020,70-74,זכר,6954,2266,294,0
20/12/2020,26/12/2020,70-74,נקבה,7747,2233,264,0
20/12/2020,26/12/2020,70-74,לא ידוע,0,0,0,0
20/12/2020,26/12/2020,75-79,נקבה,4390,1145,174,0
20/12/2020,26/12/2020,75-79,זכר,3603,1104,158,0
20/12/2020,26/12/2020,75-79,לא ידוע,0,0,0,0
20/12/2020,26/12/2020,80+,לא ידוע,17,0,0,0
20/12/2020,26/12/2020,80+,נקבה,14084,1503,313,33
20/12/2020,26/12/2020,80+,זכר,6775,1216,213,31
20/12/2020,26/12/2020,NULL,נקבה,3079,2236,103,0
20/12/2020,26/12/2020,NULL,לא ידוע,949,293,21,0
20/12/2020,26/12/2020,NULL,זכר,4195,2809,100,0
